row_idx,topology,mix_mode,glob_feat0,rigid_ratio,polar_ratio,chem_profile_id,chain_len
0,linear,alternating,300,0.474576271,1.0,2.0,59
1,star,alternating,300,0.0,0.5,2.0,30
2,star,block,300,1.0,0.0,1.0,40
3,comb,junction_enriched,300,0.894736842,0.929824561,1.0,57
4,star,random,300,0.5,0.0,2.0,30
5,cyclic,random,300,0.5,1.0,1.0,68
6,cyclic,alternating,300,0.0,0.5,1.0,40
7,cyclic,alternating,300,0.0,0.5,2.0,30
8,cyclic,alternating,300,0.5,0.5,1.0,30
9,star,random,300,0.5,1.0,2.0,30
10,linear,alternating,300,0.5,1.0,0.0,55
11,linear,block,300,0.5,1.0,1.0,55
12,cyclic,block,300,0.0,0.0,2.0,70
13,branch,block,300,0.5,0.5,1.0,30
14,star,alternating,300,0.5,1.0,1.0,30
15,branch,alternating,300,0.0,0.5,1.0,30
16,star,random,300,0.5,1.0,0.0,30
17,linear,block,300,0.5,0.5,2.0,30
18,star,random,300,1.0,0.5,1.0,55
19,cyclic,alternating,300,0.0,0.5,1.0,30
20,cyclic,block,300,1.0,0.5,0.0,52
21,cyclic,random,300,0.5,1.0,1.0,30
22,star,alternating,300,1.0,0.5,2.0,30
23,linear,block,300,1.0,0.5,1.0,30
24,cyclic,alternating,300,0.5,0.5,1.0,30
25,linear,alternating,300,0.5,0.0,2.0,70
26,star,alternating,300,0.5,0.5,0.0,30
27,comb,junction_enriched,300,0.245614035,0.859649123,1.0,57
28,star,block,300,0.5,1.0,0.0,55
29,star,alternating,300,1.0,0.5,1.0,30
30,linear,alternating,300,0.5,0.0,1.0,30
31,linear,alternating,300,0.0,0.5,1.0,30
32,star,random,300,0.5,0.0,0.0,30
33,star,alternating,300,0.5,1.0,1.0,30
34,linear,alternating,300,1.0,0.5,2.0,40
35,star,block,300,0.5,0.0,2.0,30
36,linear,alternating,300,0.5,1.0,1.0,40
37,cyclic,random,300,0.5,0.0,0.0,30
38,linear,alternating,300,1.0,0.5,1.0,30
39,linear,random,300,0.0,0.5,0.0,30
40,star,random,300,0.0,0.5,1.0,30
41,star,alternating,300,0.5,0.0,2.0,55
42,cyclic,block,300,1.0,0.5,0.0,55
43,star,random,300,0.5,0.5,1.0,40
44,linear,alternating,300,0.508474576,0.966101695,1.0,59
45,cyclic,gradient,300,0.0,1.0,0.0,57
46,star,block,300,1.0,0.5,2.0,70
47,star,alternating,300,0.5,0.5,0.0,30
48,comb,random,300,0.355932203,0.915254237,1.0,59
49,branch,random,300,0.866666667,0.483333333,2.0,60
50,branch,block,300,0.5,1.0,0.0,30
51,linear,block,300,0.5,1.0,2.0,30
52,linear,random,300,0.0,0.5,2.0,40
53,branch,alternating,300,0.5,0.5,1.0,30
54,cyclic,alternating,300,0.5,0.5,0.0,40
55,cyclic,block,300,0.507462687,1.0,1.0,67
56,cyclic,gradient,300,0.0,1.0,2.0,57
57,star,block,300,0.0,1.0,1.0,70
58,branch,alternating,300,0.5,1.0,1.0,30
59,cyclic,gradient,300,1.0,0.508474576,1.0,59
60,cyclic,random,300,0.5,1.0,0.0,52
61,star,block,300,0.5,1.0,0.0,40
62,cyclic,block,300,0.666666667,0.666666667,1.0,51
63,comb,random,300,0.915254237,1.0,2.0,59
64,branch,block,300,1.0,0.5,1.0,30
65,cyclic,alternating,300,0.0,0.5,0.0,55
66,star,alternating,300,0.5,0.0,0.0,30
67,star,block,300,0.5,0.5,1.0,30
68,linear,gradient,300,1.0,0.963636364,2.0,55
69,star,random,300,0.0,0.5,2.0,55
70,star,block,300,0.5,1.0,0.0,55
71,star,block,300,0.5,1.0,1.0,55
72,star,random,300,0.5,0.0,0.0,30
73,cyclic,random,300,1.0,1.0,0.0,67
74,linear,alternating,300,0.647058824,1.0,1.0,51
75,linear,gradient,300,0.0,0.966101695,0.0,59
76,star,block,300,1.0,1.0,1.0,40
77,star,block,300,0.0,0.5,1.0,30
78,linear,alternating,300,0.0,0.5,1.0,55
79,star,block,300,0.0,0.5,0.0,30
80,cyclic,random,300,0.0,0.5,0.0,40
81,linear,gradient,300,0.0,1.0,1.0,59
82,cyclic,random,300,0.5,0.0,0.0,40
83,branch,block,300,0.5,1.0,2.0,30
84,cyclic,random,300,0.5,0.5,1.0,40
85,cyclic,alternating,300,0.5,0.0,2.0,40
86,star,block,300,0.5,0.0,1.0,30
87,star,block,300,1.0,1.0,1.0,40
88,star,block,300,1.0,0.5,1.0,55
89,star,block,300,0.5,0.0,0.0,30
90,star,random,300,0.880952381,0.976190476,2.0,42
91,star,block,300,0.5,0.5,1.0,40
92,cyclic,random,300,0.5,1.0,2.0,70
93,star,block,300,0.5,0.5,0.0,40
94,cyclic,block,300,0.5,0.0,0.0,30
95,comb,junction_enriched,300,0.084745763,0.915254237,1.0,59
96,linear,random,300,0.5,0.5,2.0,40
97,linear,random,300,0.5,0.0,0.0,70
98,linear,gradient,300,0.509433962,0.962264151,2.0,53
99,cyclic,block,300,0.509803922,1.0,0.0,51
100,star,alternating,300,0.5,1.0,2.0,30
101,star,block,300,1.0,0.0,2.0,55
102,linear,random,300,0.963636364,1.0,1.0,55
103,branch,random,300,1.0,0.0,2.0,30
104,linear,random,300,0.5,0.5,1.0,30
105,linear,random,300,0.0,0.966101695,1.0,59
106,linear,alternating,300,0.508474576,0.966101695,1.0,59
107,star,random,300,0.5,0.0,0.0,55
108,comb,random,300,0.912280702,0.947368421,0.0,57
109,linear,alternating,300,0.480769231,1.0,2.0,52
110,star,random,300,0.5,1.0,1.0,55
111,cyclic,block,300,0.0,1.0,1.0,59
112,linear,alternating,300,0.5,1.0,2.0,70
113,cyclic,random,300,0.0,1.0,2.0,59
114,cyclic,alternating,300,0.0,1.0,1.0,57
115,cyclic,gradient,300,0.0,1.0,0.0,69
116,star,random,300,1.0,0.5,2.0,30
117,star,random,300,0.0,0.5,1.0,40
118,branch,random,300,0.943396226,0.547169811,2.0,53
119,star,alternating,300,1.0,0.5,2.0,30
120,cyclic,gradient,300,0.333333333,1.0,2.0,72
121,star,random,300,0.906976744,0.906976744,2.0,43
122,cyclic,random,300,1.0,0.5,0.0,30
123,cyclic,alternating,300,0.5,0.5,1.0,70
124,cyclic,block,300,1.0,0.5,0.0,40
125,star,random,300,0.0,0.5,2.0,30
126,star,random,300,0.5,0.5,0.0,40
127,linear,block,300,0.961538462,0.961538462,0.0,52
128,linear,random,300,0.5,0.0,2.0,40
129,linear,alternating,300,0.5,0.0,1.0,70
130,linear,block,300,0.963636364,0.509090909,1.0,55
131,cyclic,alternating,300,1.0,0.5,1.0,55
132,star,alternating,300,1.0,0.0,0.0,70
133,branch,block,300,1.0,1.0,0.0,30
134,comb,junction_enriched,300,0.438596491,0.824561404,1.0,57
135,linear,block,300,0.5,0.0,2.0,30
136,star,random,300,0.5,0.5,2.0,30
137,linear,block,300,1.0,0.5,0.0,55
138,cyclic,alternating,300,1.0,0.5,0.0,70
139,cyclic,block,300,1.0,1.0,2.0,67
140,cyclic,random,300,0.5,1.0,0.0,72
141,star,random,300,0.470588235,1.0,2.0,51
142,linear,alternating,300,0.5,0.0,0.0,30
143,cyclic,random,300,1.0,0.5,2.0,70
144,linear,random,300,0.962264151,0.509433962,2.0,53
145,cyclic,block,300,0.0,0.5,1.0,40
146,linear,alternating,300,0.5,1.0,1.0,70
147,branch,block,300,1.0,1.0,1.0,30
148,cyclic,block,300,1.0,0.5,1.0,30
149,cyclic,gradient,300,0.50877193,0.49122807,2.0,57
150,star,block,300,0.5,1.0,1.0,30
151,star,random,300,0.0,0.5,0.0,40
152,star,block,300,1.0,1.0,0.0,70
153,comb,random,300,0.912280702,0.912280702,1.0,57
154,cyclic,alternating,300,0.0,1.0,1.0,68
155,branch,block,300,0.0,1.0,0.0,30
156,linear,alternating,300,0.5,0.0,0.0,40
157,cyclic,gradient,300,1.0,1.0,1.0,43
158,star,block,300,0.5,0.5,0.0,40
159,branch,random,300,0.5,0.5,0.0,30
160,branch,random,300,0.5,0.5,1.0,30
161,star,block,300,0.5,1.0,1.0,30
162,star,random,300,0.0,0.5,0.0,55
163,comb,junction_enriched,300,0.438596491,0.929824561,0.0,57
164,star,random,300,0.5,0.0,1.0,30
165,cyclic,alternating,300,0.0,0.5,0.0,40
166,star,alternating,300,1.0,1.0,2.0,40
167,star,random,300,0.5,1.0,2.0,30
168,cyclic,block,300,1.0,1.0,1.0,72
169,linear,gradient,300,0.033898305,0.966101695,0.0,59
170,cyclic,block,300,0.5,0.0,1.0,55
171,linear,alternating,300,0.0,0.5,2.0,55
172,star,alternating,300,0.5,0.5,0.0,55
173,cyclic,alternating,300,0.0,0.5,2.0,40
174,cyclic,block,300,1.0,0.5,1.0,70
175,star,alternating,300,1.0,0.0,2.0,70
176,comb,random,300,0.824561404,1.0,0.0,57
177,linear,random,300,0.963636364,0.963636364,0.0,55
178,linear,alternating,300,0.0,0.5,1.0,30
179,star,random,300,1.0,0.5,2.0,70
180,linear,random,300,0.5,0.0,0.0,40
181,cyclic,random,300,0.5,1.0,1.0,30
182,cyclic,block,300,0.492537313,1.0,1.0,67
183,cyclic,block,300,0.0,0.5,2.0,70
184,cyclic,alternating,300,1.0,0.5,1.0,55
185,star,junction_enriched,300,0.92,0.48,0.0,50
186,star,random,300,0.880952381,0.880952381,0.0,42
187,linear,random,300,0.5,0.5,2.0,30
188,cyclic,alternating,300,0.0,0.5,0.0,70
189,comb,junction_enriched,300,0.385964912,0.859649123,2.0,57
190,cyclic,alternating,300,0.5,0.0,0.0,30
191,cyclic,alternating,300,0.5,0.5,2.0,40
192,branch,junction_enriched,300,0.95,0.366666667,2.0,60
193,star,random,300,0.0,0.5,0.0,70
194,star,alternating,300,1.0,0.5,1.0,70
195,star,alternating,300,0.5,0.0,0.0,30
196,cyclic,block,300,0.5,0.5,0.0,55
197,linear,random,300,0.0,0.5,1.0,40
198,cyclic,block,300,0.0,0.5,2.0,55
199,linear,block,300,0.320754717,1.0,0.0,53
200,cyclic,random,300,0.0,1.0,1.0,59
201,linear,block,300,0.5,0.0,2.0,55
202,cyclic,block,300,1.0,0.492753623,2.0,69
203,comb,random,300,0.824561404,1.0,1.0,57
204,linear,alternating,300,0.5,1.0,2.0,70
205,cyclic,block,300,0.343283582,1.0,0.0,67
206,cyclic,block,300,0.5,0.5,0.0,30
207,star,junction_enriched,300,0.88372093,0.976744186,2.0,43
208,star,block,300,0.0,0.0,2.0,70
209,star,random,300,1.0,0.5,2.0,30
210,linear,alternating,300,0.0,0.5,2.0,40
211,cyclic,random,300,0.5,1.0,1.0,55
212,cyclic,random,300,0.0,1.0,0.0,59
213,star,block,300,1.0,0.0,0.0,40
214,linear,block,300,0.470588235,1.0,0.0,51
215,star,block,300,0.0,0.0,0.0,40
216,linear,random,300,0.5,0.0,1.0,30
217,branch,junction_enriched,300,0.949152542,0.254237288,2.0,59
218,star,random,300,0.5,1.0,0.0,55
219,linear,alternating,300,0.951219512,1.0,0.0,41
220,linear,random,300,0.5,1.0,2.0,55
221,cyclic,block,300,0.5,0.5,1.0,30
222,linear,random,300,0.959183674,0.959183674,2.0,49
223,linear,alternating,300,0.5,0.0,1.0,40
224,branch,random,300,0.93220339,0.254237288,2.0,59
225,linear,alternating,300,0.5,0.5,0.0,30
226,cyclic,random,300,0.5,1.0,1.0,40
227,linear,block,300,0.5,0.0,2.0,30
228,star,junction_enriched,300,0.933333333,0.977777778,2.0,45
229,star,block,300,0.0,0.0,0.0,70
230,cyclic,random,300,0.0,0.5,2.0,30
231,cyclic,alternating,300,0.5,0.5,0.0,55
232,star,alternating,300,0.5,0.5,2.0,30
233,linear,random,300,0.5,1.0,0.0,30
234,star,alternating,300,1.0,0.5,2.0,70
235,cyclic,alternating,300,1.0,0.5,1.0,55
236,branch,block,300,0.0,0.5,2.0,30
237,branch,block,300,1.0,0.5,0.0,30
238,cyclic,random,300,1.0,1.0,1.0,44
239,cyclic,block,300,0.5,0.0,0.0,30
240,linear,random,300,0.5,0.5,0.0,55
241,star,junction_enriched,300,0.450980392,0.921568628,1.0,51
242,cyclic,block,300,0.5,1.0,0.0,68
243,linear,alternating,300,0.5,0.5,1.0,40
244,linear,alternating,300,0.0,0.5,0.0,70
245,linear,random,300,0.961538462,1.0,1.0,52
246,star,junction_enriched,300,0.88372093,0.976744186,0.0,43
247,branch,alternating,300,0.5,0.5,1.0,30
248,cyclic,block,300,0.5,1.0,0.0,55
249,cyclic,random,300,1.0,0.5,0.0,40
250,star,alternating,300,0.5,1.0,0.0,55
251,cyclic,block,300,0.5,0.0,1.0,30
252,star,alternating,300,0.0,0.5,2.0,30
253,linear,random,300,0.5,0.0,0.0,70
254,linear,alternating,300,0.5,0.5,2.0,55
255,branch,junction_enriched,300,0.65,0.533333333,1.0,60
256,star,junction_enriched,300,0.901960784,0.529411765,0.0,51
257,linear,block,300,0.0,1.0,1.0,59
258,cyclic,random,300,0.0,0.5,0.0,40
259,star,block,300,0.5,0.0,1.0,55
260,cyclic,block,300,0.5,0.5,0.0,40
261,star,alternating,300,1.0,0.0,0.0,70
262,branch,block,300,0.0,0.5,2.0,30
263,cyclic,random,300,0.5,0.0,0.0,55
264,star,alternating,300,0.0,0.5,1.0,55
265,linear,random,300,0.5,1.0,1.0,70
266,star,block,300,0.0,0.0,0.0,40
267,comb,random,300,0.912280702,0.859649123,2.0,57
268,linear,alternating,300,0.5,0.5,2.0,40
269,linear,alternating,300,0.5,1.0,1.0,55
270,cyclic,random,300,0.5,0.0,1.0,70
271,branch,block,300,0.0,0.0,2.0,30
272,linear,block,300,0.5,0.0,1.0,55
273,cyclic,alternating,300,0.5,0.5,1.0,70
274,cyclic,alternating,300,1.0,0.5,2.0,68
275,comb,junction_enriched,300,0.915254237,0.86440678,0.0,59
276,branch,random,300,0.5,0.5,0.0,30
277,star,random,300,0.911111111,0.977777778,0.0,45
278,linear,random,300,1.0,0.5,1.0,40
279,linear,random,300,0.5,0.5,0.0,70
280,branch,junction_enriched,300,0.783333333,0.533333333,0.0,60
281,linear,alternating,300,0.963636364,0.527272727,1.0,55
282,star,alternating,300,0.5,1.0,2.0,70
283,linear,block,300,0.0,0.5,1.0,30
284,star,block,300,0.0,0.5,1.0,40
285,branch,block,300,0.5,0.0,2.0,30
286,cyclic,gradient,300,0.0,1.0,0.0,67
287,cyclic,block,300,0.5,1.0,1.0,55
288,linear,block,300,0.5,1.0,1.0,55
289,cyclic,block,300,1.0,0.5,1.0,30
290,cyclic,random,300,0.5,1.0,0.0,40
291,star,alternating,300,1.0,0.5,1.0,30
292,star,block,300,1.0,1.0,2.0,40
293,star,random,300,0.5,0.0,0.0,40
294,star,random,300,0.911111111,1.0,2.0,45
295,star,alternating,300,0.0,0.5,0.0,40
296,star,random,300,0.5,0.0,2.0,55
297,linear,alternating,300,0.961538462,1.0,2.0,52
298,linear,alternating,300,0.0,0.5,2.0,70
299,star,alternating,300,0.5,0.0,0.0,40
300,linear,alternating,300,0.959183674,1.0,2.0,49
301,cyclic,random,300,0.5,0.5,0.0,30
302,cyclic,alternating,300,1.0,1.0,1.0,44
303,cyclic,random,300,0.509803922,1.0,2.0,51
304,cyclic,alternating,300,0.5,0.5,1.0,55
305,star,random,300,0.88372093,1.0,1.0,43
306,star,alternating,300,0.5,1.0,2.0,40
307,linear,alternating,300,0.0,0.966101695,1.0,59
308,star,junction_enriched,300,0.911111111,1.0,1.0,45
309,linear,block,300,0.5,0.0,0.0,70
310,linear,random,300,0.5,0.5,1.0,30
311,linear,alternating,300,0.5,0.5,0.0,30
312,star,alternating,300,0.0,0.5,1.0,30
313,cyclic,random,300,1.0,0.5,0.0,70
314,star,alternating,300,0.5,1.0,1.0,30
315,cyclic,alternating,300,1.0,1.0,2.0,43
316,cyclic,random,300,1.0,1.0,0.0,67
317,cyclic,random,300,0.0,0.5,1.0,70
318,linear,block,300,0.961538462,0.480769231,1.0,52
319,linear,gradient,300,0.960784314,0.960784314,1.0,51
320,star,block,300,0.0,1.0,1.0,40
321,branch,random,300,0.93220339,0.203389831,0.0,59
322,cyclic,alternating,300,1.0,1.0,2.0,44
323,linear,block,300,1.0,0.960784314,1.0,51
324,comb,random,300,0.894736842,0.473684211,0.0,57
325,cyclic,random,300,1.0,0.5,1.0,70
326,linear,block,300,1.0,0.959183674,0.0,49
327,cyclic,alternating,300,0.507462687,1.0,1.0,67
328,star,alternating,300,0.0,0.5,1.0,40
329,star,alternating,300,0.0,1.0,1.0,55
330,cyclic,random,300,0.0,0.5,1.0,30
331,linear,block,300,0.519230769,0.961538462,2.0,52
332,cyclic,random,300,0.5,1.0,1.0,30
333,cyclic,block,300,0.333333333,1.0,0.0,69
334,cyclic,block,300,1.0,1.0,1.0,43
335,linear,alternating,300,0.5,1.0,2.0,30
336,branch,alternating,300,1.0,0.5,2.0,30
337,star,block,300,0.5,0.0,2.0,40
338,cyclic,gradient,300,0.50877193,0.49122807,1.0,57
339,star,block,300,1.0,0.5,2.0,40
340,branch,random,300,0.95,0.533333333,0.0,60
341,star,random,300,0.911111111,1.0,1.0,45
342,branch,alternating,300,1.0,0.5,1.0,30
343,star,random,300,0.921568628,0.921568628,2.0,51
344,linear,random,300,1.0,0.5,0.0,40
345,star,random,300,1.0,0.904761905,2.0,42
346,linear,gradient,300,0.472727273,1.0,1.0,55
347,linear,alternating,300,0.5,0.5,1.0,30
348,star,random,300,0.5,0.5,2.0,55
349,linear,gradient,300,0.960784314,0.960784314,2.0,51
350,comb,junction_enriched,300,0.859649123,1.0,2.0,57
351,linear,alternating,300,0.5,0.5,0.0,55
352,star,block,300,0.5,0.5,2.0,55
353,cyclic,alternating,300,0.5,1.0,2.0,55
354,branch,alternating,300,1.0,0.0,2.0,30
355,linear,block,300,0.963636364,0.490909091,1.0,55
356,linear,random,300,0.0,0.5,1.0,70
357,star,alternating,300,0.5,0.5,1.0,55
358,comb,junction_enriched,300,0.438596491,0.929824561,0.0,57
359,comb,random,300,0.271186441,0.949152542,2.0,59
360,star,junction_enriched,300,0.921568628,1.0,1.0,51
361,star,junction_enriched,300,0.88372093,0.88372093,0.0,43
362,cyclic,block,300,0.5,1.0,1.0,30
363,linear,random,300,0.5,1.0,0.0,40
364,linear,random,300,0.5,1.0,2.0,40
365,linear,random,300,0.5,0.5,1.0,30
366,comb,random,300,0.859649123,0.333333333,0.0,57
367,star,alternating,300,1.0,0.5,1.0,55
368,cyclic,block,300,0.343283582,1.0,1.0,67
369,linear,block,300,0.962264151,0.471698113,2.0,53
370,star,random,300,0.976744186,0.88372093,2.0,43
371,cyclic,block,300,1.0,0.5,2.0,68
372,cyclic,gradient,300,1.0,1.0,2.0,51
373,star,random,300,0.906976744,0.906976744,1.0,43
374,branch,junction_enriched,300,0.813559322,0.508474576,0.0,59
375,cyclic,alternating,300,0.5,1.0,0.0,55
376,linear,block,300,0.5,0.0,1.0,40
377,comb,junction_enriched,300,0.220338983,0.779661017,1.0,59
378,comb,random,300,0.271186441,1.0,2.0,59
379,linear,random,300,0.5,0.5,1.0,70
380,linear,block,300,0.5,0.5,0.0,30
381,linear,block,300,0.5,0.0,0.0,55
382,star,block,300,0.5,1.0,1.0,30
383,star,junction_enriched,300,0.450980392,1.0,0.0,51
384,cyclic,alternating,300,0.5,0.5,0.0,70
385,cyclic,random,300,0.0,0.5,2.0,40
386,linear,random,300,0.5,0.0,1.0,70
387,cyclic,alternating,300,0.5,1.0,2.0,70
388,star,random,300,0.5,1.0,2.0,55
389,linear,random,300,0.5,1.0,0.0,70
390,cyclic,block,300,0.0,0.0,0.0,70
391,cyclic,alternating,300,0.5,0.0,2.0,70
392,cyclic,gradient,300,0.673076923,1.0,1.0,52
393,star,random,300,0.911111111,0.977777778,0.0,45
394,linear,block,300,0.0,1.0,0.0,70
395,star,random,300,0.901960784,0.901960784,0.0,51
396,cyclic,random,300,1.0,1.0,1.0,69
397,star,alternating,300,0.5,1.0,2.0,30
398,star,junction_enriched,300,0.906976744,0.906976744,1.0,43
399,star,junction_enriched,300,0.911111111,0.977777778,0.0,45
400,star,alternating,300,0.0,0.5,0.0,55
401,cyclic,alternating,300,1.0,0.5,1.0,55
402,cyclic,alternating,300,0.5,0.5,2.0,70
403,star,junction_enriched,300,0.92,1.0,1.0,50
404,star,random,300,0.5,0.0,0.0,40
405,linear,random,300,0.961538462,1.0,0.0,52
406,cyclic,random,300,0.5,0.5,2.0,30
407,branch,random,300,1.0,0.5,2.0,30
408,cyclic,alternating,300,0.5,1.0,0.0,55
409,branch,block,300,0.5,0.5,1.0,30
410,star,junction_enriched,300,0.976190476,0.880952381,2.0,42
411,cyclic,block,300,0.5,0.5,1.0,30
412,star,random,300,0.880952381,0.976190476,1.0,42
413,comb,random,300,0.915254237,1.0,0.0,59
414,cyclic,alternating,300,0.0,0.5,1.0,55
415,cyclic,random,300,0.0,0.5,0.0,70
416,star,block,300,0.5,1.0,0.0,55
417,star,alternating,300,0.5,0.0,0.0,55
418,cyclic,alternating,300,0.5,0.0,0.0,70
419,linear,random,300,0.471698113,1.0,2.0,53
420,star,alternating,300,0.5,0.0,1.0,30
421,comb,junction_enriched,300,0.894736842,0.824561404,2.0,57
422,linear,random,300,0.959183674,0.469387755,1.0,49
423,linear,block,300,0.0,0.5,1.0,30
424,linear,block,300,0.0,1.0,2.0,59
425,star,random,300,0.470588235,1.0,2.0,51
426,linear,alternating,300,0.5,0.5,2.0,40
427,cyclic,block,300,0.5,0.0,0.0,55
428,star,block,300,0.5,1.0,1.0,30
429,cyclic,gradient,300,0.0,1.0,0.0,59
430,branch,random,300,0.881355932,0.508474576,2.0,59
431,star,random,300,0.5,0.5,2.0,30
432,linear,alternating,300,0.951219512,1.0,1.0,41
433,star,block,300,0.5,0.5,0.0,40
434,cyclic,alternating,300,0.5,1.0,1.0,70
435,linear,alternating,300,0.959183674,0.489795918,2.0,49
436,linear,random,300,0.471698113,1.0,2.0,53
437,star,block,300,0.5,0.5,1.0,30
438,star,alternating,300,1.0,1.0,0.0,70
439,comb,random,300,0.220338983,0.949152542,0.0,59
440,cyclic,gradient,300,0.508474576,1.0,0.0,59
441,star,random,300,0.906976744,1.0,0.0,43
442,cyclic,block,300,0.5,0.5,1.0,40
443,cyclic,random,300,0.5,0.5,2.0,40
444,linear,block,300,0.962264151,1.0,2.0,53
445,star,junction_enriched,300,0.976190476,0.904761905,2.0,42
446,branch,junction_enriched,300,0.811320755,0.547169811,0.0,53
447,linear,gradient,300,0.480769231,0.961538462,0.0,52
448,linear,block,300,0.0,1.0,0.0,40
449,cyclic,alternating,300,0.5,0.5,1.0,40
450,linear,alternating,300,0.5,1.0,0.0,55
451,linear,alternating,300,1.0,0.5,2.0,30
452,comb,junction_enriched,300,1.0,0.245614035,2.0,57
453,cyclic,block,300,0.5,1.0,1.0,30
454,star,junction_enriched,300,0.88372093,1.0,1.0,43
455,star,random,300,0.5,0.0,2.0,40
456,star,alternating,300,0.5,1.0,1.0,70
457,star,block,300,1.0,0.0,0.0,40
458,cyclic,random,300,0.5,0.0,0.0,40
459,linear,random,300,0.0,0.966101695,2.0,59
460,cyclic,block,300,0.5,1.0,2.0,40
461,star,alternating,300,0.5,0.5,0.0,30
462,star,junction_enriched,300,0.911111111,0.911111111,2.0,45
463,branch,random,300,0.813559322,0.508474576,2.0,59
464,comb,random,300,0.824561404,1.0,0.0,57
465,linear,block,300,0.966101695,0.508474576,0.0,59
466,cyclic,alternating,300,0.5,1.0,0.0,52
467,branch,random,300,0.93220339,0.508474576,2.0,59
468,cyclic,block,300,0.5,0.0,2.0,40
469,comb,random,300,0.271186441,0.949152542,0.0,59
470,linear,random,300,0.962264151,0.962264151,1.0,53
471,linear,random,300,0.5,0.5,1.0,55
472,linear,random,300,1.0,0.5,1.0,70
473,linear,alternating,300,0.0,0.5,0.0,55
474,cyclic,alternating,300,0.5,1.0,1.0,55
475,cyclic,alternating,300,0.5,0.0,1.0,55
476,linear,random,300,0.5,1.0,0.0,55
477,cyclic,block,300,0.5,1.0,1.0,70
478,linear,alternating,300,0.5,0.0,1.0,55
479,star,alternating,300,0.5,1.0,1.0,40
480,cyclic,random,300,0.5,1.0,1.0,70
481,cyclic,random,300,1.0,0.5,1.0,40
482,cyclic,gradient,300,0.509803922,1.0,1.0,51
483,star,random,300,0.880952381,1.0,0.0,42
484,star,block,300,0.0,0.0,1.0,40
485,star,random,300,0.5,1.0,2.0,55
486,star,junction_enriched,300,1.0,0.911111111,2.0,45
487,linear,block,300,0.469387755,1.0,2.0,49
488,cyclic,random,300,1.0,0.5,1.0,68
489,cyclic,alternating,300,0.5,0.0,1.0,55
490,cyclic,alternating,300,1.0,0.5,0.0,70
491,star,block,300,0.0,1.0,1.0,40
492,linear,random,300,0.5,0.5,0.0,40
493,cyclic,block,300,0.5,0.0,2.0,40
494,branch,junction_enriched,300,0.866666667,0.266666667,1.0,60
495,star,alternating,300,0.0,1.0,0.0,70
496,star,junction_enriched,300,0.911111111,1.0,0.0,45
497,star,block,300,0.0,1.0,1.0,70
498,linear,alternating,300,0.5,1.0,2.0,55
499,star,random,300,0.911111111,1.0,0.0,45
500,cyclic,alternating,300,0.491525424,1.0,2.0,59
501,linear,alternating,300,0.5,1.0,2.0,70
502,linear,block,300,1.0,0.5,2.0,40
503,comb,random,300,0.438596491,0.894736842,0.0,57
504,linear,block,300,0.5,1.0,2.0,30
505,linear,gradient,300,1.0,0.951219512,2.0,41
506,cyclic,random,300,0.492537313,0.507462687,0.0,67
507,linear,block,300,0.5,1.0,0.0,70
508,star,block,300,0.0,0.5,2.0,30
509,star,random,300,0.94,0.54,1.0,50
510,comb,random,300,0.912280702,1.0,1.0,57
511,cyclic,block,300,0.5,0.0,1.0,40
512,linear,block,300,1.0,0.5,2.0,30
513,cyclic,random,300,0.5,0.5,2.0,70
514,linear,alternating,300,1.0,0.951219512,2.0,41
515,linear,random,300,1.0,0.5,2.0,70
516,comb,junction_enriched,300,0.694915254,0.694915254,0.0,59
517,cyclic,random,300,0.5,0.5,1.0,30
518,star,random,300,0.0,0.5,1.0,40
519,linear,alternating,300,1.0,0.5,2.0,70
520,cyclic,random,300,0.0,0.5,2.0,40
521,linear,random,300,0.5,1.0,2.0,30
522,cyclic,block,300,0.5,0.5,2.0,30
523,cyclic,block,300,1.0,1.0,2.0,52
524,linear,random,300,0.5,1.0,2.0,55
525,linear,block,300,0.5,0.0,2.0,40
526,star,junction_enriched,300,0.98,0.94,1.0,50
527,linear,random,300,1.0,0.5,2.0,55
528,cyclic,alternating,300,1.0,1.0,1.0,43
529,linear,alternating,300,0.5,1.0,0.0,70
530,comb,random,300,0.694915254,0.305084746,0.0,59
531,star,alternating,300,0.0,0.5,2.0,40
532,cyclic,alternating,300,0.0,0.5,0.0,40
533,linear,alternating,300,1.0,0.5,1.0,40
534,branch,alternating,300,0.0,0.5,1.0,30
535,linear,alternating,300,0.5,0.5,0.0,55
536,star,random,300,0.888888889,0.977777778,1.0,45
537,linear,block,300,1.0,0.5,1.0,70
538,star,block,300,1.0,1.0,2.0,40
539,linear,block,300,0.0,0.0,2.0,70
540,cyclic,gradient,300,1.0,1.0,2.0,44
541,linear,alternating,300,0.959183674,1.0,1.0,49
542,cyclic,alternating,300,1.0,0.5,0.0,52
543,linear,alternating,300,0.0,0.5,2.0,70
544,cyclic,alternating,300,0.0,0.5,1.0,55
545,star,random,300,0.0,0.5,2.0,40
546,linear,random,300,0.5,0.5,1.0,40
547,cyclic,block,300,1.0,0.5,1.0,55
548,star,alternating,300,0.0,0.5,0.0,30
549,cyclic,alternating,300,0.5,0.0,0.0,55
550,star,junction_enriched,300,0.88372093,1.0,0.0,43
551,star,random,300,0.904761905,1.0,2.0,42
552,star,alternating,300,0.5,0.0,2.0,40
553,branch,block,300,1.0,0.0,2.0,30
554,linear,gradient,300,0.647058824,0.62745098,0.0,51
555,star,random,300,0.5,1.0,2.0,55
556,cyclic,block,300,0.0,0.0,0.0,55
557,linear,alternating,300,0.0,0.5,2.0,55
558,star,block,300,0.5,0.5,0.0,55
559,star,random,300,0.933333333,0.977777778,1.0,45
560,linear,alternating,300,0.0,0.5,0.0,40
561,cyclic,block,300,1.0,1.0,0.0,44
562,star,alternating,300,0.5,1.0,1.0,30
563,branch,junction_enriched,300,0.881355932,0.457627119,0.0,59
564,linear,block,300,1.0,0.5,0.0,70
565,star,block,300,0.0,0.5,2.0,55
566,star,random,300,0.0,0.5,2.0,30
567,cyclic,block,300,0.5,0.0,2.0,30
568,cyclic,block,300,1.0,0.5,1.0,40
569,cyclic,block,300,0.5,0.5,2.0,70
570,cyclic,random,300,0.0,0.5,2.0,70
571,branch,junction_enriched,300,0.813559322,0.254237288,1.0,59
572,star,random,300,0.5,0.0,1.0,40
573,comb,random,300,0.644067797,0.728813559,1.0,59
574,cyclic,random,300,0.0,0.5,2.0,40
575,star,alternating,300,0.5,0.5,2.0,55
576,cyclic,block,300,0.5,0.5,2.0,55
577,cyclic,block,300,1.0,0.5,2.0,70
578,star,junction_enriched,300,0.911111111,1.0,1.0,45
579,cyclic,alternating,300,0.5,0.5,1.0,40
580,star,alternating,300,0.5,0.5,1.0,40
581,linear,block,300,0.951219512,1.0,0.0,41
582,star,block,300,0.0,0.0,0.0,70
583,star,block,300,1.0,0.0,0.0,55
584,cyclic,random,300,1.0,1.0,2.0,52
585,cyclic,gradient,300,1.0,1.0,0.0,44
586,cyclic,random,300,1.0,0.0,2.0,59
587,branch,junction_enriched,300,0.65,0.533333333,1.0,60
588,cyclic,block,300,0.0,0.5,1.0,30
589,star,block,300,0.0,0.0,1.0,40
590,star,junction_enriched,300,0.88372093,0.906976744,1.0,43
591,cyclic,alternating,300,0.5,0.0,2.0,40
592,linear,alternating,300,0.0,0.5,2.0,40
593,star,junction_enriched,300,0.904761905,1.0,1.0,42
594,cyclic,alternating,300,1.0,1.0,2.0,43
595,linear,alternating,300,0.37254902,0.960784314,2.0,51
596,linear,random,300,0.959183674,1.0,1.0,49
597,linear,random,300,0.962264151,0.471698113,0.0,53
598,linear,block,300,0.960784314,0.960784314,2.0,51
599,star,alternating,300,1.0,0.5,2.0,30
600,cyclic,random,300,1.0,0.5,0.0,55
601,star,alternating,300,1.0,0.5,2.0,40
602,linear,random,300,0.5,1.0,2.0,70
603,cyclic,alternating,300,0.5,0.5,0.0,55
604,linear,random,300,0.5,0.5,0.0,70
605,cyclic,random,300,0.5,1.0,1.0,55
606,star,junction_enriched,300,0.901960784,1.0,2.0,51
607,star,block,300,0.0,0.5,1.0,40
608,linear,random,300,0.951219512,1.0,1.0,41
609,cyclic,block,300,0.0,0.5,2.0,30
610,linear,block,300,0.490909091,1.0,0.0,55
611,star,random,300,0.48,0.98,1.0,50
612,cyclic,block,300,0.5,0.0,2.0,55
613,star,random,300,0.5,1.0,2.0,30
614,comb,random,300,0.298245614,0.859649123,1.0,57
615,branch,junction_enriched,300,0.466666667,0.533333333,1.0,60
616,linear,random,300,0.0,0.5,0.0,55
617,linear,alternating,300,0.5,1.0,2.0,55
618,comb,random,300,0.949152542,0.271186441,2.0,59
619,linear,gradient,300,1.0,0.960784314,2.0,51
620,star,junction_enriched,300,0.904761905,0.904761905,0.0,42
621,branch,random,300,0.79661017,0.508474576,0.0,59
622,star,alternating,300,0.5,1.0,1.0,70
623,star,block,300,1.0,0.5,1.0,30
624,linear,alternating,300,0.474576271,1.0,0.0,59
625,linear,gradient,300,0.490196078,1.0,0.0,51
626,star,junction_enriched,300,0.880952381,0.904761905,2.0,42
627,linear,block,300,1.0,0.966101695,2.0,59
628,linear,block,300,0.0,1.0,2.0,55
629,cyclic,alternating,300,1.0,0.5,2.0,70
630,cyclic,block,300,0.0,0.5,1.0,55
631,branch,random,300,0.745762712,0.389830509,1.0,59
632,star,random,300,1.0,0.5,2.0,55
633,cyclic,random,300,0.5,0.0,0.0,30
634,cyclic,random,300,1.0,1.0,1.0,52
635,cyclic,alternating,300,0.5,0.0,2.0,70
636,cyclic,alternating,300,1.0,0.5,0.0,55
637,linear,random,300,0.0,0.5,1.0,30
638,cyclic,random,300,1.0,1.0,0.0,43
639,star,random,300,1.0,0.906976744,2.0,43
640,star,block,300,0.5,0.5,1.0,30
641,branch,junction_enriched,300,1.0,0.442307692,0.0,52
642,linear,block,300,1.0,0.5,2.0,55
643,star,random,300,0.0,0.5,1.0,30
644,cyclic,gradient,300,0.5,0.5,2.0,68
645,star,random,300,0.0,0.5,0.0,55
646,star,alternating,300,0.5,1.0,1.0,55
647,cyclic,block,300,0.5,0.0,2.0,70
648,star,random,300,0.933333333,1.0,1.0,45
649,star,block,300,0.5,0.0,1.0,40
650,star,block,300,0.0,0.0,1.0,40
651,linear,block,300,0.5,1.0,1.0,70
652,branch,random,300,0.5,1.0,2.0,30
653,linear,alternating,300,1.0,0.5,2.0,30
654,comb,junction_enriched,300,0.614035088,0.947368421,2.0,57
655,star,alternating,300,0.5,0.5,0.0,55
656,cyclic,random,300,1.0,1.0,2.0,44
657,star,alternating,300,0.0,1.0,2.0,70
658,comb,junction_enriched,300,0.859649123,0.333333333,2.0,57
659,linear,alternating,300,0.480769231,1.0,2.0,52
660,star,alternating,300,1.0,0.0,0.0,55
661,branch,random,300,0.745762712,0.389830509,1.0,59
662,branch,alternating,300,1.0,1.0,0.0,30
663,cyclic,block,300,1.0,1.0,1.0,43
664,linear,random,300,0.963636364,1.0,1.0,55
665,star,block,300,1.0,1.0,2.0,40
666,star,random,300,0.5,0.5,1.0,70
667,comb,junction_enriched,300,1.0,0.438596491,2.0,57
668,cyclic,alternating,300,0.0,1.0,0.0,72
669,star,alternating,300,0.5,0.0,2.0,30
670,cyclic,block,300,0.0,0.5,2.0,40
671,cyclic,random,300,1.0,1.0,2.0,43
672,cyclic,alternating,300,0.5,0.0,0.0,55
673,star,random,300,0.5,0.5,0.0,40
674,cyclic,alternating,300,0.5,1.0,2.0,55
675,star,random,300,0.911111111,0.977777778,2.0,45
676,cyclic,alternating,300,0.507246377,0.492753623,2.0,69
677,linear,gradient,300,0.951219512,1.0,2.0,41
678,linear,alternating,300,0.472727273,0.963636364,1.0,55
679,cyclic,block,300,0.5,1.0,1.0,52
680,star,block,300,1.0,0.5,2.0,55
681,star,random,300,1.0,0.5,0.0,70
682,linear,random,300,0.5,1.0,1.0,70
683,linear,alternating,300,1.0,0.5,2.0,70
684,star,alternating,300,0.0,1.0,1.0,70
685,linear,alternating,300,1.0,0.5,0.0,70
686,cyclic,alternating,300,1.0,0.5,2.0,55
687,star,alternating,300,0.5,0.5,2.0,40
688,comb,junction_enriched,300,0.912280702,1.0,1.0,57
689,linear,block,300,0.489795918,1.0,1.0,49
690,linear,block,300,0.491525424,0.966101695,1.0,59
691,linear,alternating,300,0.5,0.5,2.0,30
692,star,junction_enriched,300,0.980392157,0.450980392,2.0,51
693,linear,random,300,0.951219512,0.951219512,1.0,41
694,cyclic,alternating,300,0.0,0.5,0.0,55
695,cyclic,random,300,0.5,0.0,2.0,40
696,star,alternating,300,0.0,0.5,1.0,30
697,cyclic,alternating,300,1.0,1.0,2.0,43
698,linear,block,300,0.0,0.0,2.0,40
699,star,junction_enriched,300,0.888888889,1.0,2.0,45
700,cyclic,random,300,0.492537313,1.0,0.0,67
701,cyclic,random,300,1.0,0.5,1.0,40
702,star,alternating,300,0.5,0.0,0.0,55
703,branch,random,300,0.4,0.833333333,0.0,60
704,star,block,300,0.0,0.0,1.0,55
705,star,random,300,0.5,1.0,0.0,70
706,cyclic,alternating,300,0.5,1.0,1.0,52
707,star,block,300,1.0,1.0,0.0,55
708,cyclic,block,300,0.5,1.0,1.0,70
709,comb,junction_enriched,300,0.456140351,1.0,0.0,57
710,linear,random,300,0.5,0.5,0.0,70
711,star,random,300,0.5,1.0,2.0,55
712,linear,block,300,1.0,0.5,0.0,40
713,linear,random,300,0.5,0.0,1.0,55
714,cyclic,random,300,0.5,0.5,0.0,30
715,linear,block,300,1.0,0.5,0.0,55
716,cyclic,alternating,300,0.5,0.0,2.0,40
717,linear,random,300,1.0,0.951219512,2.0,41
718,star,random,300,0.0,0.5,1.0,70
719,linear,block,300,0.5,0.0,1.0,30
720,cyclic,random,300,0.5,0.0,0.0,40
721,star,random,300,0.880952381,1.0,0.0,42
722,star,block,300,0.5,0.0,0.0,55
723,cyclic,alternating,300,0.5,0.0,0.0,70
724,cyclic,alternating,300,1.0,0.5,1.0,70
725,linear,block,300,0.5,1.0,2.0,70
726,linear,random,300,0.5,0.0,0.0,55
727,linear,block,300,0.0,0.0,0.0,70
728,linear,block,300,1.0,0.480769231,2.0,52
729,star,random,300,0.976744186,0.88372093,1.0,43
730,star,block,300,0.0,0.5,1.0,55
731,star,random,300,0.0,0.5,2.0,30
732,branch,random,300,0.943396226,0.358490566,1.0,53
733,star,junction_enriched,300,0.933333333,0.933333333,2.0,45
734,linear,random,300,0.490909091,1.0,2.0,55
735,linear,block,300,0.0,1.0,1.0,70
736,cyclic,random,300,0.5,1.0,1.0,55
737,linear,alternating,300,0.5,0.5,2.0,55
738,linear,alternating,300,0.0,0.5,1.0,55
739,cyclic,random,300,0.5,1.0,2.0,52
740,linear,block,300,0.966101695,0.525423729,2.0,59
741,cyclic,block,300,0.5,0.5,1.0,30
742,linear,alternating,300,0.966101695,0.033898305,1.0,59
743,linear,block,300,0.0,0.5,2.0,40
744,cyclic,alternating,300,1.0,0.5,2.0,55
745,star,alternating,300,1.0,0.0,0.0,40
746,star,alternating,300,0.5,0.5,0.0,55
747,linear,alternating,300,0.5,0.0,0.0,70
748,star,random,300,0.906976744,0.906976744,1.0,43
749,cyclic,block,300,0.5,0.5,0.0,70
750,branch,random,300,1.0,0.5,0.0,30
751,star,junction_enriched,300,0.911111111,0.933333333,1.0,45
752,cyclic,alternating,300,0.5,1.0,0.0,55
753,star,alternating,300,0.5,1.0,2.0,70
754,star,random,300,0.888888889,0.977777778,2.0,45
755,cyclic,alternating,300,0.50877193,1.0,0.0,57
756,cyclic,block,300,0.5,0.5,0.0,70
757,star,block,300,0.5,1.0,1.0,40
758,cyclic,alternating,300,1.0,1.0,0.0,43
759,star,block,300,0.5,0.0,2.0,55
760,linear,random,300,1.0,0.5,0.0,30
761,star,alternating,300,1.0,0.5,2.0,40
762,star,random,300,0.5,0.5,1.0,70
763,cyclic,alternating,300,0.0,0.5,1.0,70
764,cyclic,block,300,0.5,0.5,2.0,30
765,cyclic,alternating,300,0.5,0.5,1.0,70
766,cyclic,random,300,1.0,0.5,2.0,40
767,linear,block,300,0.5,0.0,0.0,40
768,branch,random,300,1.0,0.5,2.0,30
769,star,alternating,300,1.0,0.5,1.0,55
770,star,block,300,0.5,0.0,2.0,55
771,cyclic,gradient,300,1.0,0.0,1.0,59
772,cyclic,alternating,300,0.5,1.0,1.0,70
773,branch,junction_enriched,300,0.6,0.533333333,0.0,60
774,linear,random,300,0.951219512,1.0,0.0,41
775,star,junction_enriched,300,0.906976744,1.0,1.0,43
776,star,junction_enriched,300,0.880952381,1.0,0.0,42
777,branch,random,300,0.813559322,0.508474576,2.0,59
778,cyclic,block,300,0.0,0.5,2.0,40
779,star,block,300,1.0,1.0,0.0,70
780,cyclic,random,300,1.0,0.5,0.0,40
781,cyclic,alternating,300,0.5,0.0,2.0,40
782,branch,random,300,0.322033898,1.0,1.0,59
783,cyclic,random,300,0.0,0.5,2.0,70
784,star,alternating,300,0.5,0.0,2.0,55
785,cyclic,alternating,300,0.5,1.0,2.0,55
786,cyclic,block,300,0.0,0.5,1.0,70
787,branch,junction_enriched,300,0.694915254,0.440677966,1.0,59
788,linear,gradient,300,0.951219512,1.0,0.0,41
789,star,random,300,1.0,0.5,1.0,30
790,cyclic,block,300,0.5,0.0,2.0,40
791,linear,block,300,0.0,1.0,2.0,40
792,cyclic,gradient,300,1.0,0.0,1.0,57
793,star,random,300,0.5,0.0,1.0,55
794,cyclic,block,300,0.5,1.0,0.0,55
795,comb,junction_enriched,300,0.614035088,0.912280702,2.0,57
796,linear,random,300,0.5,1.0,1.0,55
797,cyclic,random,300,0.0,0.5,2.0,55
798,linear,block,300,0.5,1.0,1.0,30
799,branch,junction_enriched,300,0.694915254,0.440677966,1.0,59
800,linear,alternating,300,0.5,0.5,2.0,70
801,cyclic,random,300,0.0,0.5,2.0,55
802,star,block,300,0.0,0.0,2.0,70
803,linear,block,300,0.5,1.0,1.0,70
804,cyclic,block,300,0.5,0.5,1.0,55
805,cyclic,block,300,1.0,0.5,1.0,70
806,cyclic,random,300,0.491525424,0.508474576,2.0,59
807,cyclic,alternating,300,0.0,0.5,0.0,40
808,star,random,300,0.911111111,0.933333333,2.0,45
809,linear,random,300,0.0,0.5,2.0,40
810,linear,block,300,0.5,0.0,1.0,55
811,star,random,300,1.0,0.5,0.0,40
812,star,block,300,1.0,0.5,1.0,55
813,star,alternating,300,0.5,0.5,2.0,70
814,cyclic,alternating,300,1.0,0.5,2.0,55
815,star,random,300,1.0,0.5,1.0,55
816,star,block,300,0.0,1.0,2.0,40
817,cyclic,random,300,0.5,0.0,0.0,55
818,star,alternating,300,1.0,1.0,1.0,40
819,cyclic,alternating,300,0.5,1.0,1.0,70
820,linear,random,300,0.490909091,1.0,2.0,55
821,linear,block,300,0.480769231,1.0,0.0,52
822,star,junction_enriched,300,0.470588235,0.921568628,2.0,51
823,linear,gradient,300,1.0,0.480769231,2.0,52
824,star,random,300,0.5,0.5,2.0,30
825,cyclic,alternating,300,0.5,0.0,2.0,30
826,linear,block,300,0.5,0.0,2.0,55
827,cyclic,random,300,0.5,0.5,0.0,55
828,cyclic,random,300,0.5,0.5,1.0,40
829,star,junction_enriched,300,0.911111111,0.933333333,1.0,45
830,linear,random,300,0.5,0.0,1.0,55
831,linear,random,300,0.951219512,1.0,0.0,41
832,star,alternating,300,0.0,0.5,1.0,30
833,linear,random,300,0.471698113,1.0,0.0,53
834,cyclic,random,300,1.0,0.5,1.0,30
835,star,random,300,0.911111111,1.0,1.0,45
836,branch,junction_enriched,300,0.745762712,0.508474576,0.0,59
837,cyclic,alternating,300,0.5,1.0,2.0,70
838,cyclic,block,300,0.5,0.5,0.0,68
839,branch,random,300,0.833333333,0.533333333,2.0,60
840,cyclic,alternating,300,1.0,1.0,0.0,44
841,star,block,300,1.0,1.0,0.0,70
842,cyclic,gradient,300,0.677966102,1.0,1.0,59
843,star,block,300,0.0,1.0,0.0,70
844,star,random,300,0.5,0.5,2.0,70
845,star,block,300,0.5,0.5,1.0,40
846,star,block,300,0.0,0.5,0.0,30
847,cyclic,random,300,0.490196078,1.0,0.0,51
848,linear,alternating,300,0.5,0.0,0.0,30
849,star,block,300,1.0,0.0,2.0,40
850,linear,block,300,1.0,0.5,2.0,30
851,linear,gradient,300,1.0,0.472727273,2.0,55
852,linear,block,300,0.5,0.5,2.0,70
853,cyclic,random,300,0.507246377,0.492753623,2.0,69
854,star,junction_enriched,300,0.904761905,1.0,2.0,42
855,star,block,300,0.0,0.5,0.0,40
856,star,junction_enriched,300,0.911111111,1.0,1.0,45
857,cyclic,gradient,300,0.5,1.0,0.0,52
858,star,block,300,0.5,0.5,1.0,55
859,cyclic,alternating,300,0.5,0.0,2.0,70
860,cyclic,alternating,300,0.5,0.0,2.0,55
861,cyclic,gradient,300,0.5,1.0,2.0,68
862,linear,random,300,0.5,0.5,1.0,40
863,cyclic,random,300,0.5,1.0,0.0,70
864,linear,alternating,300,1.0,0.5,0.0,55
865,cyclic,block,300,0.5,1.0,1.0,70
866,star,block,300,0.0,1.0,0.0,40
867,star,block,300,0.5,0.0,1.0,30
868,linear,block,300,1.0,0.951219512,2.0,41
869,cyclic,alternating,300,0.492753623,1.0,0.0,69
870,cyclic,alternating,300,0.49122807,0.50877193,0.0,57
871,linear,block,300,0.480769231,1.0,1.0,52
872,star,block,300,0.0,0.0,2.0,55
873,linear,block,300,0.0,0.5,0.0,55
874,star,random,300,0.5,0.0,2.0,30
875,star,random,300,1.0,0.911111111,2.0,45
876,linear,block,300,0.5,0.0,2.0,70
877,star,alternating,300,1.0,1.0,1.0,40
878,comb,junction_enriched,300,0.614035088,0.701754386,1.0,57
879,linear,random,300,0.0,0.5,1.0,70
880,cyclic,block,300,0.0,0.0,0.0,40
881,star,junction_enriched,300,0.933333333,1.0,0.0,45
882,star,alternating,300,0.0,0.5,1.0,40
883,cyclic,gradient,300,0.5,0.5,2.0,72
884,comb,random,300,0.220338983,1.0,0.0,59
885,cyclic,block,300,0.0,0.5,0.0,55
886,branch,random,300,0.533333333,0.783333333,2.0,60
887,star,random,300,1.0,0.5,0.0,70
888,star,random,300,0.5,1.0,2.0,30
889,cyclic,block,300,0.5,1.0,2.0,40
890,cyclic,random,300,0.5,0.5,2.0,70
891,star,block,300,1.0,0.0,1.0,40
892,star,alternating,300,0.5,1.0,1.0,70
893,star,block,300,0.5,1.0,1.0,55
894,star,block,300,1.0,0.5,1.0,70
895,linear,gradient,300,0.490909091,1.0,2.0,55
896,cyclic,block,300,1.0,1.0,2.0,44
897,comb,random,300,0.824561404,0.368421053,0.0,57
898,branch,random,300,0.745762712,0.508474576,0.0,59
899,star,random,300,0.911111111,1.0,2.0,45
900,branch,junction_enriched,300,0.95,0.366666667,2.0,60
901,branch,junction_enriched,300,0.93220339,0.254237288,2.0,59
902,cyclic,block,300,0.5,1.0,2.0,52
903,star,random,300,0.5,1.0,1.0,30
904,star,block,300,1.0,0.5,2.0,40
905,star,block,300,1.0,0.5,0.0,40
906,branch,junction_enriched,300,0.559322034,0.440677966,2.0,59
907,cyclic,alternating,300,1.0,1.0,0.0,43
908,star,alternating,300,0.5,0.0,2.0,40
909,comb,random,300,0.368421053,0.894736842,2.0,57
910,star,block,300,0.0,0.5,2.0,55
911,star,block,300,1.0,1.0,0.0,55
912,star,random,300,1.0,0.5,2.0,55
913,star,random,300,0.5,1.0,0.0,30
914,linear,alternating,300,0.5,1.0,1.0,70
915,star,junction_enriched,300,1.0,0.904761905,2.0,42
916,branch,random,300,0.677966102,0.322033898,0.0,59
917,linear,random,300,0.529411765,0.960784314,0.0,51
918,star,random,300,0.5,0.5,1.0,40
919,star,alternating,300,0.5,1.0,0.0,55
920,linear,alternating,300,0.5,1.0,1.0,70
921,cyclic,block,300,0.0,0.5,1.0,70
922,cyclic,alternating,300,1.0,0.5,1.0,70
923,cyclic,random,300,1.0,1.0,2.0,44
924,linear,alternating,300,0.5,1.0,2.0,55
925,star,random,300,0.911111111,0.933333333,2.0,45
926,linear,alternating,300,0.5,0.0,2.0,40
927,star,random,300,0.92,0.54,2.0,50
928,star,block,300,0.5,1.0,1.0,70
929,linear,block,300,0.966101695,0.033898305,1.0,59
930,cyclic,alternating,300,0.5,0.5,2.0,30
931,linear,block,300,1.0,0.5,2.0,40
932,star,alternating,300,0.5,0.0,2.0,30
933,cyclic,alternating,300,0.5,1.0,1.0,70
934,linear,random,300,0.5,0.0,1.0,55
935,star,random,300,0.5,0.5,1.0,30
936,linear,block,300,0.0,0.5,2.0,70
937,cyclic,block,300,1.0,1.0,1.0,43
938,cyclic,random,300,0.5,0.0,1.0,70
939,comb,random,300,0.859649123,0.333333333,1.0,57
940,star,block,300,0.5,0.0,1.0,30
941,linear,gradient,300,0.491525424,0.966101695,0.0,59
942,linear,block,300,0.690909091,0.654545455,0.0,55
943,linear,gradient,300,0.474576271,1.0,1.0,59
944,star,junction_enriched,300,0.911111111,0.911111111,2.0,45
945,branch,junction_enriched,300,0.610169492,0.457627119,2.0,59
946,linear,random,300,0.951219512,1.0,0.0,41
947,linear,block,300,0.5,1.0,0.0,70
948,cyclic,block,300,0.0,0.5,1.0,55
949,linear,block,300,0.5,1.0,2.0,30
950,branch,random,300,0.783333333,0.35,1.0,60
951,linear,random,300,0.490196078,1.0,0.0,51
952,star,alternating,300,0.5,0.0,1.0,40
953,star,alternating,300,0.0,0.5,0.0,40
954,star,alternating,300,1.0,0.0,2.0,40
955,linear,alternating,300,0.961538462,0.480769231,2.0,52
956,cyclic,alternating,300,0.5,1.0,1.0,70
957,star,block,300,0.5,0.0,1.0,40
958,cyclic,alternating,300,0.5,0.5,2.0,70
959,linear,block,300,0.0,0.5,0.0,40
960,cyclic,block,300,0.5,0.0,0.0,70
961,cyclic,random,300,0.5,0.0,2.0,70
962,linear,random,300,0.480769231,1.0,1.0,52
963,linear,block,300,0.962264151,0.509433962,2.0,53
964,linear,random,300,1.0,0.5,2.0,55
965,linear,alternating,300,1.0,0.5,2.0,55
966,star,block,300,1.0,0.0,2.0,70
967,cyclic,gradient,300,0.5,1.0,1.0,52
968,cyclic,alternating,300,0.5,0.0,1.0,70
969,star,block,300,1.0,1.0,2.0,40
970,linear,random,300,0.5,1.0,0.0,70
971,cyclic,random,300,1.0,0.509803922,0.0,51
972,linear,alternating,300,0.0,0.5,0.0,70
973,linear,random,300,0.5,0.0,1.0,30
974,star,junction_enriched,300,0.911111111,1.0,2.0,45
975,cyclic,alternating,300,1.0,0.5,0.0,70
976,cyclic,alternating,300,1.0,0.5,0.0,55
977,cyclic,block,300,0.5,1.0,1.0,70
978,star,random,300,0.933333333,0.933333333,0.0,45
979,comb,junction_enriched,300,0.561403509,0.894736842,1.0,57
980,branch,random,300,0.65,0.533333333,2.0,60
981,linear,block,300,0.0,0.5,2.0,70
982,star,block,300,0.0,0.5,1.0,40
983,cyclic,block,300,0.0,0.5,0.0,40
984,star,block,300,0.5,0.5,1.0,70
985,star,alternating,300,0.5,0.5,0.0,40
986,star,block,300,0.0,1.0,2.0,40
987,cyclic,random,300,0.507246377,0.492753623,2.0,69
988,star,block,300,1.0,0.5,0.0,70
989,cyclic,alternating,300,0.5,0.0,1.0,55
990,linear,block,300,0.5,0.5,1.0,40
991,linear,gradient,300,0.474576271,1.0,2.0,59
992,star,random,300,0.5,1.0,2.0,55
993,linear,alternating,300,1.0,0.5,1.0,55
994,cyclic,random,300,0.5,1.0,0.0,70
995,cyclic,block,300,0.5,1.0,0.0,55
996,linear,block,300,0.5,0.0,0.0,55
997,cyclic,alternating,300,0.5,0.5,0.0,70
998,linear,gradient,300,0.509433962,0.962264151,2.0,53
999,linear,block,300,0.490909091,0.963636364,0.0,55
1000,star,alternating,300,0.5,0.0,0.0,40
1001,star,block,300,0.0,1.0,2.0,55
1002,cyclic,block,300,0.49122807,1.0,0.0,57
1003,star,block,300,1.0,0.0,0.0,40
1004,linear,block,300,0.5,0.5,2.0,30
1005,cyclic,block,300,0.5,0.0,0.0,55
1006,star,block,300,1.0,0.5,1.0,55
1007,branch,random,300,0.683333333,0.533333333,0.0,60
1008,star,block,300,0.0,0.5,2.0,40
1009,comb,junction_enriched,300,0.614035088,0.947368421,0.0,57
1010,cyclic,block,300,0.5,0.5,1.0,72
1011,linear,block,300,0.0,0.0,1.0,40
1012,cyclic,alternating,300,0.0,0.5,2.0,40
1013,cyclic,block,300,1.0,0.5,0.0,70
1014,star,alternating,300,0.0,0.5,2.0,55
1015,cyclic,random,300,0.5,1.0,2.0,70
1016,branch,block,300,1.0,0.5,2.0,30
1017,linear,block,300,0.0,0.0,1.0,55
1018,star,block,300,1.0,0.5,2.0,30
1019,cyclic,alternating,300,0.5,1.0,1.0,70
1020,cyclic,block,300,0.333333333,1.0,0.0,72
1021,linear,block,300,0.5,0.5,1.0,55
1022,branch,junction_enriched,300,0.85,0.283333333,1.0,60
1023,linear,block,300,0.0,0.5,1.0,55
1024,star,alternating,300,0.5,1.0,1.0,55
1025,star,block,300,1.0,0.5,1.0,30
1026,cyclic,block,300,0.490196078,1.0,1.0,51
1027,branch,random,300,0.816666667,0.316666667,0.0,60
1028,linear,block,300,0.5,1.0,2.0,55
1029,star,block,300,0.5,0.5,0.0,55
1030,linear,block,300,0.5,0.5,1.0,55
1031,linear,alternating,300,0.5,0.5,1.0,70
1032,star,alternating,300,0.5,0.5,0.0,70
1033,cyclic,block,300,0.5,0.0,2.0,70
1034,star,alternating,300,1.0,0.5,1.0,55
1035,star,random,300,1.0,0.5,0.0,55
1036,star,random,300,0.5,0.5,2.0,40
1037,star,random,300,0.450980392,0.980392157,0.0,51
1038,cyclic,alternating,300,0.5,1.0,1.0,70
1039,linear,block,300,0.5,0.5,1.0,70
1040,cyclic,random,300,0.5,1.0,0.0,55
1041,linear,block,300,0.5,0.0,2.0,30
1042,linear,alternating,300,0.5,0.0,2.0,70
1043,star,alternating,300,0.5,0.0,0.0,30
1044,star,block,300,0.5,0.0,1.0,70
1045,star,random,300,1.0,0.5,1.0,55
1046,star,block,300,0.0,1.0,2.0,55
1047,star,block,300,0.0,0.5,2.0,30
1048,star,alternating,300,0.0,0.5,0.0,55
1049,star,block,300,0.0,0.5,0.0,40
1050,cyclic,block,300,0.5,0.5,2.0,70
1051,star,block,300,0.0,0.0,1.0,40
1052,linear,block,300,0.5,0.5,2.0,70
1053,star,random,300,0.5,0.5,2.0,55
1054,cyclic,alternating,300,1.0,0.5,2.0,55
1055,star,junction_enriched,300,0.98,0.48,0.0,50
1056,cyclic,alternating,300,0.5,1.0,2.0,52
1057,cyclic,random,300,0.5,0.0,0.0,40
1058,linear,random,300,1.0,0.5,2.0,30
1059,star,random,300,0.5,0.0,0.0,30
1060,linear,alternating,300,0.0,0.5,0.0,40
1061,linear,random,300,0.5,1.0,1.0,55
1062,linear,alternating,300,0.0,0.5,0.0,70
1063,cyclic,alternating,300,1.0,0.5,1.0,70
1064,linear,alternating,300,0.5,0.0,0.0,40
1065,star,random,300,0.0,0.5,1.0,40
1066,linear,block,300,0.5,0.5,1.0,70
1067,linear,alternating,300,0.5,0.5,2.0,70
1068,comb,random,300,0.614035088,0.947368421,1.0,57
1069,linear,block,300,0.5,1.0,0.0,55
1070,cyclic,gradient,300,1.0,0.0,0.0,59
1071,linear,random,300,0.0,0.5,1.0,30
1072,comb,random,300,0.271186441,1.0,1.0,59
1073,cyclic,block,300,0.0,0.0,0.0,70
1074,cyclic,block,300,0.5,0.0,2.0,55
1075,cyclic,random,300,0.5,0.5,0.0,70
1076,star,block,300,0.5,1.0,1.0,70
1077,star,block,300,0.5,0.5,2.0,70
1078,star,alternating,300,0.5,0.5,2.0,70
1079,cyclic,block,300,1.0,0.0,0.0,57
1080,linear,block,300,0.0,0.5,1.0,30
1081,star,alternating,300,1.0,0.0,1.0,55
1082,star,random,300,0.5,1.0,0.0,55
1083,branch,junction_enriched,300,0.305084746,0.813559322,2.0,59
1084,star,block,300,0.0,0.0,0.0,70
1085,linear,block,300,0.0,0.0,2.0,70
1086,star,alternating,300,1.0,1.0,0.0,70
1087,star,block,300,0.5,1.0,0.0,40
1088,cyclic,alternating,300,0.5,1.0,2.0,70
1089,star,block,300,0.5,1.0,2.0,70
1090,star,random,300,0.0,0.5,0.0,70
1091,star,alternating,300,1.0,0.5,2.0,55
1092,star,block,300,0.5,0.5,0.0,70
1093,comb,junction_enriched,300,0.220338983,1.0,1.0,59
1094,star,block,300,0.0,1.0,2.0,70
1095,linear,alternating,300,0.5,1.0,2.0,70
1096,cyclic,alternating,300,0.5,0.5,2.0,70
1097,linear,block,300,0.0,1.0,2.0,70
1098,star,block,300,0.0,0.5,0.0,70
1099,linear,block,300,0.0,0.0,0.0,70
1100,star,alternating,300,0.0,1.0,1.0,70
1101,star,alternating,300,0.0,0.0,2.0,70
1102,star,block,300,0.0,1.0,2.0,70
1103,cyclic,block,300,0.0,0.0,2.0,70
1104,linear,block,300,0.0,1.0,1.0,70
1105,star,alternating,300,1.0,1.0,0.0,70
1106,branch,random,600,1.0,,,71
1107,branch,random,600,0.75,,,58
1108,cyclic,random,600,0.75,,,22
1109,branch,random,600,0.75,,,58
1110,branch,random,600,0.5,,,69
1111,branch,random,600,1.0,,,41
1112,branch,random,600,1.0,,,72
1113,branch,random,600,0.5,,,28
1114,branch,random,600,0.75,,,62
1115,branch,random,600,1.0,,,69
1116,branch,random,600,1.0,,,63
1117,branch,random,600,1.0,,,58
1118,branch,random,600,0.75,,,42
1119,branch,random,600,0.75,,,44
1120,branch,random,600,1.0,,,79
1121,branch,random,600,1.0,,,78
1122,branch,random,600,1.0,,,60
1123,branch,random,600,0.75,,,78
1124,branch,random,600,1.0,,,29
1125,branch,random,600,0.75,,,58
1126,branch,random,600,0.75,,,67
1127,branch,random,600,1.0,,,66
1128,branch,random,600,0.5,,,29
1129,branch,random,600,1.0,,,47
1130,branch,random,600,1.0,,,52
1131,branch,random,600,1.0,,,65
1132,branch,random,600,0.75,,,79
1133,branch,random,600,1.0,,,74
1134,branch,random,600,0.75,,,34
1135,branch,random,600,0.5,,,79
1136,branch,random,600,0.5,,,60
1137,branch,random,600,1.0,,,60
1138,branch,random,600,0.75,,,29
1139,branch,random,600,1.0,,,80
1140,branch,random,600,0.25,,,46
1141,branch,random,600,0.5,,,58
1142,branch,random,600,1.0,,,52
1143,branch,random,600,0.75,,,72
1144,branch,random,600,0.25,,,79
1145,branch,random,600,1.0,,,69
1146,branch,random,600,1.0,,,62
1147,branch,random,600,0.5,,,49
1148,branch,random,600,0.5,,,72
1149,branch,random,600,0.75,,,76
1150,branch,random,600,1.0,,,34
1151,branch,random,600,1.0,,,65
1152,branch,random,600,0.5,,,78
1153,branch,random,600,0.75,,,55
1154,branch,random,600,1.0,,,55
1155,branch,random,600,0.75,,,75
1156,branch,random,600,0.5,,,38
1157,branch,random,600,1.0,,,68
1158,branch,random,600,0.25,,,71
1159,branch,random,600,0.75,,,58
1160,branch,random,600,0.25,,,68
1161,branch,random,600,0.75,,,68
1162,branch,random,600,1.0,,,31
1163,branch,random,600,1.0,,,39
1164,branch,random,600,1.0,,,44
1165,branch,random,600,0.25,,,56
1166,branch,random,600,0.75,,,40
1167,branch,random,600,1.0,,,38
1168,branch,random,600,0.5,,,47
1169,branch,random,600,0.75,,,37
1170,branch,random,600,1.0,,,75
1171,branch,random,600,0.75,,,39
1172,branch,random,600,1.0,,,28
1173,branch,random,600,0.5,,,65
1174,branch,random,600,0.25,,,68
1175,branch,random,600,0.5,,,79
1176,branch,random,600,1.0,,,62
1177,branch,random,600,0.75,,,37
1178,branch,random,600,0.75,,,69
1179,branch,random,600,0.75,,,60
1180,branch,random,600,1.0,,,39
1181,cyclic,random,600,1.0,,,20
1182,branch,random,600,1.0,,,37
1183,branch,random,600,1.0,,,78
1184,branch,random,600,0.5,,,79
1185,branch,random,600,1.0,,,49
1186,branch,random,600,0.0,,,68
1187,branch,random,600,1.0,,,66
1188,branch,random,600,1.0,,,58
1189,branch,random,600,0.5,,,23
1190,branch,random,600,1.0,,,53
1191,branch,random,600,1.0,,,56
1192,branch,random,600,0.75,,,69
1193,branch,random,600,0.5,,,44
1194,branch,random,600,0.75,,,42
1195,branch,random,600,0.5,,,66
1196,branch,random,600,0.5,,,58
1197,branch,random,600,0.75,,,37
1198,branch,random,600,0.0,,,52
1199,branch,random,600,1.0,,,67
1200,branch,random,600,1.0,,,58
1201,branch,random,600,0.5,,,71
1202,branch,random,600,0.5,,,29
1203,branch,random,600,1.0,,,22
1204,branch,random,600,0.5,,,35
1205,branch,random,600,1.0,,,68
1206,branch,random,600,0.5,,,34
1207,branch,random,600,0.5,,,27
1208,branch,random,600,1.0,,,76
1209,branch,random,600,0.5,,,72
1210,cyclic,block,600,0.5,,,22
1211,branch,random,600,1.0,,,58
1212,branch,random,600,1.0,,,33
1213,branch,random,600,1.0,,,50
1214,branch,random,600,0.5,,,69
1215,branch,random,600,0.75,,,52
1216,branch,random,600,0.75,,,28
1217,branch,random,600,0.75,,,68
1218,branch,random,600,0.5,,,47
1219,branch,random,600,0.25,,,52
1220,branch,random,600,1.0,,,38
1221,branch,random,600,0.0,,,38
1222,branch,random,600,0.25,,,63
1223,branch,random,600,1.0,,,29
1224,branch,random,600,0.25,,,64
1225,branch,random,600,0.75,,,63
1226,branch,random,600,1.0,,,42
1227,branch,random,600,0.75,,,42
1228,branch,random,600,0.75,,,65
1229,branch,random,600,0.0,,,34
1230,branch,random,600,0.25,,,66
1231,branch,random,600,0.5,,,62
1232,branch,random,600,0.5,,,56
1233,branch,random,600,0.75,,,64
1234,branch,random,600,0.75,,,53
1235,branch,random,600,1.0,,,62
1236,branch,random,600,0.75,,,62
1237,branch,random,600,0.25,,,69
1238,branch,random,600,0.75,,,71
1239,branch,random,600,1.0,,,40
1240,branch,random,600,0.5,,,75
1241,branch,random,600,1.0,,,58
1242,branch,random,600,0.75,,,78
1243,branch,random,600,1.0,,,35
1244,branch,random,600,1.0,,,64
1245,branch,random,600,1.0,,,32
1246,branch,random,600,0.5,,,40
1247,branch,random,600,1.0,,,75
1248,branch,random,600,0.5,,,53
1249,branch,random,600,0.75,,,42
1250,branch,random,600,0.75,,,62
1251,branch,random,600,0.75,,,68
1252,branch,random,600,0.0,,,70
1253,branch,random,600,0.75,,,62
1254,branch,random,600,0.5,,,79
1255,branch,random,600,1.0,,,56
1256,branch,random,600,1.0,,,61
1257,branch,random,600,0.25,,,42
1258,branch,random,600,1.0,,,47
1259,branch,random,600,1.0,,,66
1260,branch,random,600,0.75,,,78
1261,branch,random,600,0.75,,,41
1262,branch,random,600,1.0,,,70
1263,branch,random,600,0.25,,,27
1264,branch,random,600,0.0,,,65
1265,branch,random,600,1.0,,,62
1266,branch,random,600,0.75,,,28
1267,branch,random,600,0.5,,,66
1268,branch,random,600,0.75,,,44
1269,branch,random,600,0.5,,,68
1270,branch,random,600,0.75,,,72
1271,branch,random,600,1.0,,,79
1272,branch,random,600,0.5,,,44
1273,branch,random,600,0.75,,,28
1274,branch,random,600,1.0,,,79
1275,branch,random,600,1.0,,,37
1276,branch,random,600,0.5,,,58
1277,branch,random,600,0.25,,,58
1278,branch,random,600,0.25,,,29
1279,branch,random,600,1.0,,,42
1280,branch,random,600,0.0,,,79
1281,branch,random,600,0.75,,,78
1282,branch,random,600,1.0,,,58
1283,branch,random,600,0.75,,,42
1284,branch,random,600,0.75,,,40
1285,branch,random,600,0.25,,,56
1286,branch,random,600,0.0,,,34
1287,branch,random,600,0.0,,,78
1288,branch,random,600,0.0,,,69
1289,branch,random,600,0.25,,,58
1290,branch,random,600,0.5,,,60
1291,branch,random,600,0.75,,,66
1292,branch,random,600,0.75,,,67
1293,branch,random,600,1.0,,,54
1294,branch,random,600,0.75,,,55
1295,branch,random,600,0.5,,,58
1296,branch,random,600,0.5,,,49
1297,branch,random,600,0.0,,,42
1298,branch,random,600,0.5,,,66
1299,branch,random,600,0.75,,,58
1300,branch,random,600,0.5,,,79
1301,branch,random,600,0.0,,,29
1302,branch,random,600,1.0,,,34
1303,branch,random,600,0.5,,,79
1304,branch,random,600,1.0,,,46
1305,branch,random,600,0.75,,,47
1306,branch,random,600,0.75,,,72
1307,branch,random,600,0.75,,,53
1308,branch,random,600,0.75,,,58
1309,branch,random,600,0.25,,,42
1310,branch,random,600,0.5,,,63
1311,branch,random,600,0.5,,,66
1312,branch,random,600,0.25,,,43
1313,branch,random,600,0.75,,,66
1314,branch,random,600,0.5,,,22
1315,branch,random,600,0.5,,,39
1316,branch,random,600,0.5,,,70
1317,branch,random,600,0.0,,,76
1318,branch,random,600,0.75,,,23
1319,branch,random,600,0.0,,,23
1320,branch,random,600,0.5,,,33
1321,branch,random,600,1.0,,,44
1322,branch,random,600,0.25,,,46
1323,branch,random,600,1.0,,,53
1324,branch,random,600,0.0,,,63
1325,branch,random,600,0.5,,,64
1326,branch,random,600,0.5,,,27
1327,branch,random,600,0.5,,,80
1328,branch,random,600,1.0,,,39
1329,branch,random,600,0.0,,,39
1330,branch,random,600,0.75,,,27
1331,branch,random,600,0.25,,,54
1332,cyclic,block,600,0.25,,,50
1333,branch,random,600,0.0,,,35
1334,branch,random,600,0.75,,,76
1335,branch,random,600,0.75,,,40
1336,branch,random,600,0.75,,,71
1337,branch,random,600,0.0,,,41
1338,branch,random,600,0.5,,,56
1339,branch,random,600,0.75,,,37
1340,branch,random,600,0.0,,,40
1341,branch,random,600,1.0,,,31
1342,branch,random,600,1.0,,,72
1343,branch,random,600,0.25,,,35
1344,branch,random,600,0.25,,,42
1345,branch,random,600,0.5,,,58
1346,branch,random,600,0.0,,,71
1347,branch,random,600,0.75,,,27
1348,branch,random,600,0.25,,,63
1349,branch,random,600,1.0,,,42
1350,branch,random,600,0.75,,,55
1351,branch,random,600,0.75,,,25
1352,branch,random,600,0.25,,,33
1353,branch,random,600,0.25,,,58
1354,branch,random,600,0.5,,,65
1355,branch,random,600,0.5,,,61
1356,branch,random,600,0.5,,,61
1357,branch,random,600,0.5,,,25
1358,cyclic,random,600,0.0,,,51
1359,branch,random,600,1.0,,,49
1360,cyclic,random,600,0.25,,,34
1361,branch,random,600,0.25,,,53
1362,cyclic,block,600,0.5,,,22
1363,cyclic,block,600,0.5,,,22
1364,branch,random,600,0.25,,,58
1365,branch,random,600,0.0,,,40
1366,cyclic,random,600,0.0,,,46
1367,branch,random,600,1.0,,,27
1368,branch,random,600,0.5,,,71
1369,branch,random,600,0.5,,,58
1370,branch,random,600,0.75,,,31
1371,branch,random,600,1.0,,,23
1372,branch,random,600,0.0,,,53
1373,branch,random,600,0.5,,,63
1374,branch,random,600,0.25,,,65
1375,branch,random,600,0.0,,,56
1376,branch,random,600,0.75,,,52
1377,branch,random,600,0.25,,,31
1378,branch,random,600,0.5,,,28
1379,cyclic,random,600,0.0,,,54
1380,branch,random,600,0.5,,,72
1381,branch,random,600,0.25,,,38
1382,branch,random,600,0.0,,,66
1383,branch,random,600,0.75,,,67
1384,branch,random,600,0.25,,,62
1385,branch,random,600,1.0,,,35
1386,branch,random,600,0.75,,,60
1387,branch,random,600,0.5,,,62
1388,branch,random,600,0.5,,,40
1389,branch,random,600,0.5,,,40
1390,branch,random,600,0.25,,,74
1391,branch,random,600,0.75,,,38
1392,branch,random,600,0.0,,,54
1393,branch,random,600,0.75,,,35
1394,cyclic,random,600,0.0,,,45
1395,branch,random,600,0.5,,,37
1396,branch,random,600,0.75,,,23
1397,cyclic,block,600,0.25,,,66
1398,branch,random,600,0.25,,,56
1399,branch,random,600,0.5,,,46
1400,branch,random,600,0.0,,,58
1401,branch,random,600,0.0,,,33
1402,branch,random,600,0.5,,,33
1403,branch,random,600,0.75,,,58
1404,branch,random,600,0.25,,,47
1405,branch,random,600,1.0,,,33
1406,cyclic,random,600,0.0,,,36
1407,branch,random,600,0.5,,,35
1408,branch,random,600,0.75,,,46
1409,branch,random,600,0.25,,,52
1410,cyclic,random,600,0.25,,,25
1411,branch,random,600,0.25,,,46
1412,branch,random,600,0.25,,,31
1413,branch,random,600,0.25,,,65
1414,branch,random,600,0.75,,,62
1415,branch,random,600,0.75,,,53
1416,branch,random,600,0.25,,,34
1417,branch,random,600,0.5,,,33
1418,branch,random,600,0.0,,,25
1419,branch,random,600,0.25,,,58
1420,branch,random,600,0.25,,,74
1421,branch,random,600,0.25,,,65
1422,branch,random,600,0.0,,,64
1423,branch,random,600,1.0,,,40
1424,branch,random,600,0.75,,,53
1425,branch,random,600,0.25,,,32
1426,branch,random,600,0.25,,,64
1427,branch,random,600,0.25,,,66
1428,cyclic,block,600,0.25,,,26
1429,cyclic,random,600,0.0,,,30
1430,branch,random,600,0.0,,,79
1431,branch,random,600,0.25,,,53
1432,cyclic,random,600,1.0,,,21
1433,cyclic,random,600,0.0,,,29
1434,branch,random,600,0.5,,,43
1435,branch,random,600,0.75,,,58
1436,branch,random,600,0.25,,,49
1437,branch,random,600,0.25,,,34
1438,branch,random,600,0.75,,,27
1439,branch,random,600,0.0,,,62
1440,branch,random,600,0.0,,,49
1441,branch,random,600,0.5,,,35
1442,branch,random,600,0.0,,,33
1443,branch,random,600,1.0,,,44
1444,branch,random,600,0.5,,,35
1445,branch,random,600,0.25,,,49
1446,branch,random,600,0.5,,,65
1447,cyclic,random,600,0.0,,,42
1448,branch,random,600,0.0,,,33
1449,branch,random,600,0.0,,,60
1450,cyclic,random,600,0.0,,,41
1451,cyclic,random,600,0.0,,,35
1452,branch,random,600,0.25,,,41
1453,branch,random,600,0.75,,,33
1454,cyclic,random,600,0.0,,,74
1455,cyclic,random,600,0.75,,,22
1456,branch,random,600,0.25,,,25
1457,branch,random,600,0.0,,,38
1458,branch,random,600,0.0,,,62
1459,branch,random,600,0.5,,,74
1460,cyclic,random,600,0.0,,,52
1461,cyclic,random,600,0.0,,,25
1462,branch,random,600,0.0,,,44
1463,cyclic,random,600,0.0,,,69
1464,branch,random,600,0.0,,,39
1465,branch,random,600,0.0,,,31
1466,cyclic,random,600,0.0,,,31
1467,cyclic,random,600,0.0,,,37
1468,star,random,600,0.0,,,23
1469,cyclic,random,600,0.0,,,26
1470,branch,random,600,0.0,,,75
1471,branch,random,600,0.25,,,23
1472,branch,random,600,1.0,,,32
1473,branch,random,600,0.5,,,75
1474,branch,random,600,0.0,,,49
1475,branch,random,600,0.0,,,55
1476,branch,random,600,0.0,,,32
1477,cyclic,random,600,0.25,,,23
1478,branch,random,600,0.25,,,65
1479,branch,random,600,0.75,,,68
1480,branch,random,600,0.25,,,58
1481,branch,random,600,0.25,,,60
1482,cyclic,random,600,0.0,,,61
1483,branch,random,600,0.0,,,22
1484,branch,random,600,0.0,,,68
1485,cyclic,random,600,0.0,,,39
1486,branch,random,600,0.0,,,37
1487,branch,random,600,0.5,,,44
1488,branch,random,600,0.25,,,66
1489,branch,random,600,0.0,,,37
1490,comb,random,600,0.0,,,34
1491,cyclic,random,600,0.0,,,47
1492,branch,random,600,0.0,,,65
1493,cyclic,random,600,0.0,,,38
1494,branch,random,600,0.0,,,72
1495,branch,random,600,0.0,,,43
1496,branch,random,600,0.25,,,20
1497,branch,random,600,0.5,,,23
1498,branch,random,600,0.5,,,71
1499,branch,random,600,0.0,,,32
1500,branch,random,600,0.25,,,33
1501,branch,random,600,0.0,,,56
1502,cyclic,random,600,0.0,,,28
1503,branch,random,600,0.0,,,62
1504,branch,random,600,0.25,,,44
1505,branch,random,600,0.0,,,67
1506,branch,random,600,0.5,,,31
1507,cyclic,random,600,0.25,,,21
1508,cyclic,block,600,0.25,,,34
1509,cyclic,random,600,0.25,,,22
1510,branch,random,600,0.0,,,80
1511,branch,random,600,0.0,,,47
1512,cyclic,random,600,0.25,,,20
1513,branch,random,600,0.25,,,33
1514,branch,random,600,0.0,,,46
1515,branch,random,600,0.5,,,47
1516,cyclic,random,600,0.0,,,34
1517,branch,random,600,0.75,,,66
1518,branch,random,600,0.25,,,23
1519,branch,random,600,0.25,,,53
1520,cyclic,random,600,0.75,,,20
1521,branch,random,600,0.5,,,29
1522,branch,random,600,0.0,,,35
1523,branch,random,600,0.5,,,31
1524,branch,random,600,0.5,,,20
1525,branch,random,600,0.25,,,79
1526,branch,random,600,0.5,,,22
1527,branch,random,600,0.25,,,42
1528,branch,random,600,0.0,,,75
1529,branch,random,600,0.0,,,58
1530,branch,random,600,0.0,,,28
1531,branch,random,600,0.5,,,66
1532,branch,random,600,0.25,,,28
1533,branch,random,600,0.0,,,58
1534,branch,random,600,0.25,,,75
1535,branch,random,600,0.25,,,52
1536,branch,random,600,0.25,,,20
1537,branch,random,600,0.0,,,72
1538,cyclic,random,600,0.0,,,27
1539,cyclic,random,600,0.0,,,24
1540,branch,random,600,0.0,,,58
1541,branch,random,600,0.25,,,37
1542,cyclic,random,600,0.25,,,32
1543,branch,random,600,0.25,,,23
1544,branch,random,600,0.25,,,68
1545,branch,random,600,0.0,,,74
1546,cyclic,random,600,0.0,,,23
1547,branch,random,600,0.0,,,29
1548,star,random,600,0.0,,,31
1549,branch,random,600,0.0,,,62
1550,cyclic,random,600,0.0,,,33
1551,branch,random,600,0.0,,,42
1552,branch,random,600,0.0,,,28
1553,branch,random,600,0.75,,,58
1554,branch,random,600,0.0,,,79
1555,branch,random,600,0.0,,,46
1556,branch,random,600,0.0,,,68
1557,cyclic,random,600,0.0,,,57
1558,branch,random,600,0.75,,,60
1559,branch,random,600,0.25,,,40
1560,branch,random,600,0.5,,,58
1561,branch,random,600,0.25,,,35
1562,star,random,600,0.0,,,36
1563,branch,random,600,0.0,,,58
1564,branch,random,600,0.0,,,58
1565,branch,random,600,0.25,,,44
1566,branch,random,600,0.25,,,68
1567,branch,random,600,0.0,,,61
1568,branch,random,600,0.75,,,33
1569,branch,random,600,0.25,,,49
1570,branch,random,600,0.25,,,70
1571,branch,random,600,0.25,,,58
1572,cyclic,random,600,0.0,,,32
1573,branch,random,600,0.0,,,42
1574,branch,random,600,0.0,,,66
1575,branch,random,600,0.25,,,62
1576,branch,random,600,0.25,,,38
1577,cyclic,random,600,0.25,,,26
1578,branch,random,600,0.25,,,40
1579,branch,random,600,0.0,,,28
1580,cyclic,random,600,0.0,,,20
1581,branch,random,600,0.0,,,27
1582,branch,random,600,0.0,,,60
1583,comb,random,600,0.0,,,27
1584,comb,random,600,0.0,,,22
1585,branch,random,600,0.25,,,42
1586,branch,random,600,0.25,,,75
1587,branch,random,600,0.0,,,20
1588,branch,random,600,0.0,,,31
1589,branch,random,600,0.5,,,28
1590,comb,random,600,0.0,,,27
1591,branch,random,600,0.5,,,76
1592,branch,random,600,0.25,,,56
1593,star,random,600,0.0,,,29
1594,branch,random,600,0.0,,,52
1595,cyclic,random,600,0.0,,,44
1596,branch,random,600,0.0,,,69
1597,branch,random,600,0.0,,,61
1598,branch,random,600,0.0,,,20
1599,branch,random,600,0.25,,,52
1600,branch,random,600,0.25,,,38
1601,cyclic,random,600,0.0,,,21
1602,cyclic,random,600,0.0,,,22
1603,branch,random,600,0.0,,,50
1604,branch,random,600,0.0,,,29
1605,branch,random,600,0.25,,,66
1606,branch,random,600,0.25,,,42
1607,branch,random,600,0.25,,,28
1608,branch,random,600,0.0,,,44
1609,branch,random,600,0.5,,,50
1610,branch,random,600,0.75,,,69
1611,branch,random,600,0.25,,,50
1612,comb,random,600,0.0,,,20
1613,branch,random,600,0.25,,,29
1614,branch,random,600,0.0,,,46
1615,branch,random,600,0.25,,,22
1616,branch,random,600,0.5,,,28
1617,branch,random,600,0.5,,,52
1618,branch,random,600,0.25,,,40
1619,branch,random,600,0.0,,,78
1620,branch,random,600,0.0,,,44
1621,branch,random,600,0.25,,,39
1622,branch,random,600,0.0,,,47
1623,branch,random,600,0.0,,,66
1624,branch,random,600,0.5,,,78
1625,branch,random,600,0.75,,,35
1626,branch,random,600,0.0,,,40
1627,star,random,600,0.0,,,22
1628,branch,random,600,0.25,,,37
1629,branch,random,600,0.25,,,76
1630,branch,random,600,0.25,,,29
1631,branch,random,600,0.0,,,53
1632,branch,random,600,0.25,,,31
1633,branch,random,600,0.25,,,35
1634,branch,random,600,0.0,,,39
1635,branch,random,600,0.0,,,20
1636,branch,random,600,0.0,,,33
1637,branch,random,600,0.5,,,54
1638,branch,random,600,0.5,,,33
1639,branch,random,600,0.75,,,34
