model,label,folds,mean_best_rmse,std_best_rmse,mean_best_r2,std_best_r2,mean_best_rmse_raw,std_best_rmse_raw,mean_best_r2_raw,std_best_r2_raw
frpn,Cp,5,0.48110674800000003,0.09028465037771852,0.762943822,0.07264258975650216,205.634192054,36.9504574986684,0.76294358,0.07264219146754075
frpn,Rg,5,0.869857544,0.21356838290050234,0.221001862,0.12977652901895403,2.2159267199999997,0.43521702391306705,0.22100150400000002,0.12977984638387052
frpn,density,5,0.09658523599999999,0.02204087123832971,0.990419822,0.0033127213005729734,0.009108768,0.0019365907226282996,0.9904198040000001,0.0033127499411108774
frpn,dielectric_const_dc,5,0.589944678,0.22734437599479732,0.6446203,0.14713140104893346,0.208615604,0.0722249592816104,0.644620038,0.1471302463644142
frpn,refractive_index,5,0.134353788,0.02881398703932727,0.981342018,0.006829737933850013,0.00909918,0.00187176903340129,0.9813416540000001,0.0068303079900272545
frpn,self-diffusion,5,0.8594078700000001,0.47794339480991843,0.291630218,0.1480933067094518,0.0,0.0,0.0,0.0
stage1_only,Cp,5,0.475972534,0.10768038779748534,0.766443432,0.08448691173884605,203.39649642,44.34142203949271,0.766443192,0.08448666033783125
stage1_only,Rg,5,0.78239573,0.21544765026468302,0.377457968,0.09099325972316863,1.990665618,0.4478547559186378,0.37745817000000004,0.09099231609194153
stage1_only,density,5,0.08946223,0.007406245322334387,0.9918251659999999,0.0006195831006652658,0.00845073,0.000572058838232572,0.99182516,0.0006196259100054144
stage1_only,dielectric_const_dc,5,0.477106792,0.1014710885261618,0.7609271439999999,0.05729071938020704,0.169596512,0.03223731399187857,0.76092676,0.05729088883129282
stage1_only,refractive_index,5,0.142701908,0.03306036349503768,0.979172348,0.006922605213773933,0.009657450000000001,0.0021014431808045633,0.9791720859999999,0.0069225252637841695
stage1_only,self-diffusion,5,0.813615124,0.43323199735199475,0.35723975399999996,0.14449434183349666,0.0,0.0,0.0,0.0
stage2_only_smiles,Cp,5,0.974456906,0.11598702151789021,0.046041238,0.047625861658645297,416.41477746399994,41.760748711659375,0.046039816,0.04762628021674357
stage2_only_smiles,Rg,5,0.99060179,0.25965924192416173,0.003994401999999999,0.01919036728926703,2.5208510619999998,0.526421489153187,0.003994495999999999,0.01919196296764299
stage2_only_smiles,density,5,0.9124314119999999,0.09932710754855127,0.151748886,0.08139218938650214,0.08616336799999999,0.008039921516188452,0.151747794,0.08139418211975676
stage2_only_smiles,dielectric_const_dc,5,0.9946553119999999,0.1895437934447764,-0.028379738000000005,0.09046908166544121,0.353393912,0.05470654611063762,-0.028381470000000002,0.09047117356834608
stage2_only_smiles,refractive_index,5,0.9596812800000001,0.09872448739126173,0.07356761199999999,0.048592988004147984,0.065003924,0.005542375125542299,0.07355455,0.04858648764287505
stage2_only_smiles,self-diffusion,5,0.9750226879999999,0.4205981611272395,0.036317114,0.031858993222550674,0.0,0.0,0.0,0.0
