dataset_name,model,label_index,label,fold,best_epoch,best_val_rmse_z,best_val_r2_z,best_val_rmse_raw,best_val_r2_raw,best_val_mae_raw,metrics_path,ckpt_path,pred_path,emb_path
MD_FINAL1640_V2,FRPN,0,density,0,30,0.0751910793794718,0.9948530542662173,0.012788392598131483,0.9948530542662173,0.008451985227009396,/share/home/202320162823/cmacro_BCDB/results_MD_final1640_v2/MD_FINAL1640_V2/FRPN/label0_density/fold_0/wd_0.0001_lr_0.0001_do_0.1_wogroup_False/metrics.json,/share/home/202320162823/cmacro_BCDB/results_MD_final1640_v2/MD_FINAL1640_V2/FRPN/label0_density/fold_0/wd_0.0001_lr_0.0001_do_0.1_wogroup_False/checkpoints/checkpoint.pt,/share/home/202320162823/cmacro_BCDB/paper_results/MD_FINAL1640_v2/oof_predictions/oof_FRPN__density.csv,/share/home/202320162823/cmacro_BCDB/paper_results/MD_FINAL1640_v2/oof_embeddings/oof_emb_FRPN__density.npz
MD_FINAL1640_V2,FRPN,0,density,1,61,0.07707182586438578,0.9934037750563971,0.013367448847282176,0.9934037750563971,0.008280192120726847,/share/home/202320162823/cmacro_BCDB/results_MD_final1640_v2/MD_FINAL1640_V2/FRPN/label0_density/fold_1/wd_0.0001_lr_0.0001_do_0.1_wogroup_False/metrics.json,/share/home/202320162823/cmacro_BCDB/results_MD_final1640_v2/MD_FINAL1640_V2/FRPN/label0_density/fold_1/wd_0.0001_lr_0.0001_do_0.1_wogroup_False/checkpoints/checkpoint.pt,/share/home/202320162823/cmacro_BCDB/paper_results/MD_FINAL1640_v2/oof_predictions/oof_FRPN__density.csv,/share/home/202320162823/cmacro_BCDB/paper_results/MD_FINAL1640_v2/oof_embeddings/oof_emb_FRPN__density.npz
MD_FINAL1640_V2,FRPN,0,density,2,25,0.10236885313915052,0.9899140461529715,0.017509744114881865,0.9899140461529715,0.010768323784372502,/share/home/202320162823/cmacro_BCDB/results_MD_final1640_v2/MD_FINAL1640_V2/FRPN/label0_density/fold_2/wd_0.0001_lr_0.0001_do_0.1_wogroup_False/metrics.json,/share/home/202320162823/cmacro_BCDB/results_MD_final1640_v2/MD_FINAL1640_V2/FRPN/label0_density/fold_2/wd_0.0001_lr_0.0001_do_0.1_wogroup_False/checkpoints/checkpoint.pt,/share/home/202320162823/cmacro_BCDB/paper_results/MD_FINAL1640_v2/oof_predictions/oof_FRPN__density.csv,/share/home/202320162823/cmacro_BCDB/paper_results/MD_FINAL1640_v2/oof_embeddings/oof_emb_FRPN__density.npz
MD_FINAL1640_V2,FRPN,0,density,3,24,0.08867875882748481,0.9919191679942401,0.015270771977513592,0.9919191679942401,0.009862964628199227,/share/home/202320162823/cmacro_BCDB/results_MD_final1640_v2/MD_FINAL1640_V2/FRPN/label0_density/fold_3/wd_0.0001_lr_0.0001_do_0.1_wogroup_False/metrics.json,/share/home/202320162823/cmacro_BCDB/results_MD_final1640_v2/MD_FINAL1640_V2/FRPN/label0_density/fold_3/wd_0.0001_lr_0.0001_do_0.1_wogroup_False/checkpoints/checkpoint.pt,/share/home/202320162823/cmacro_BCDB/paper_results/MD_FINAL1640_v2/oof_predictions/oof_FRPN__density.csv,/share/home/202320162823/cmacro_BCDB/paper_results/MD_FINAL1640_v2/oof_embeddings/oof_emb_FRPN__density.npz
MD_FINAL1640_V2,FRPN,0,density,4,56,0.09603804846784977,0.9906798923413043,0.01651135684811038,0.9906798923413043,0.010396598944040774,/share/home/202320162823/cmacro_BCDB/results_MD_final1640_v2/MD_FINAL1640_V2/FRPN/label0_density/fold_4/wd_0.0001_lr_0.0001_do_0.1_wogroup_False/metrics.json,/share/home/202320162823/cmacro_BCDB/results_MD_final1640_v2/MD_FINAL1640_V2/FRPN/label0_density/fold_4/wd_0.0001_lr_0.0001_do_0.1_wogroup_False/checkpoints/checkpoint.pt,/share/home/202320162823/cmacro_BCDB/paper_results/MD_FINAL1640_v2/oof_predictions/oof_FRPN__density.csv,/share/home/202320162823/cmacro_BCDB/paper_results/MD_FINAL1640_v2/oof_embeddings/oof_emb_FRPN__density.npz
MD_FINAL1640_V2,FRPN,1,Rg,0,31,0.24148333143179893,0.9443130181104087,1.329227991298967,0.9443130181104087,0.9525275890166961,/share/home/202320162823/cmacro_BCDB/results_MD_final1640_v2/MD_FINAL1640_V2/FRPN/label1_Rg/fold_0/wd_0.0001_lr_0.0001_do_0.1_wogroup_False/metrics.json,/share/home/202320162823/cmacro_BCDB/results_MD_final1640_v2/MD_FINAL1640_V2/FRPN/label1_Rg/fold_0/wd_0.0001_lr_0.0001_do_0.1_wogroup_False/checkpoints/checkpoint.pt,/share/home/202320162823/cmacro_BCDB/paper_results/MD_FINAL1640_v2/oof_predictions/oof_FRPN__Rg.csv,/share/home/202320162823/cmacro_BCDB/paper_results/MD_FINAL1640_v2/oof_embeddings/oof_emb_FRPN__Rg.npz
MD_FINAL1640_V2,FRPN,1,Rg,1,24,0.25272900967026285,0.9331419582798073,1.4041120128362843,0.9331419582798073,1.0114502220053831,/share/home/202320162823/cmacro_BCDB/results_MD_final1640_v2/MD_FINAL1640_V2/FRPN/label1_Rg/fold_1/wd_0.0001_lr_0.0001_do_0.1_wogroup_False/metrics.json,/share/home/202320162823/cmacro_BCDB/results_MD_final1640_v2/MD_FINAL1640_V2/FRPN/label1_Rg/fold_1/wd_0.0001_lr_0.0001_do_0.1_wogroup_False/checkpoints/checkpoint.pt,/share/home/202320162823/cmacro_BCDB/paper_results/MD_FINAL1640_v2/oof_predictions/oof_FRPN__Rg.csv,/share/home/202320162823/cmacro_BCDB/paper_results/MD_FINAL1640_v2/oof_embeddings/oof_emb_FRPN__Rg.npz
MD_FINAL1640_V2,FRPN,1,Rg,2,70,0.2816922071605478,0.9187883728964539,1.5616784914921122,0.9187883728964539,1.0127897559736452,/share/home/202320162823/cmacro_BCDB/results_MD_final1640_v2/MD_FINAL1640_V2/FRPN/label1_Rg/fold_2/wd_0.0001_lr_0.0001_do_0.1_wogroup_False/metrics.json,/share/home/202320162823/cmacro_BCDB/results_MD_final1640_v2/MD_FINAL1640_V2/FRPN/label1_Rg/fold_2/wd_0.0001_lr_0.0001_do_0.1_wogroup_False/checkpoints/checkpoint.pt,/share/home/202320162823/cmacro_BCDB/paper_results/MD_FINAL1640_v2/oof_predictions/oof_FRPN__Rg.csv,/share/home/202320162823/cmacro_BCDB/paper_results/MD_FINAL1640_v2/oof_embeddings/oof_emb_FRPN__Rg.npz
MD_FINAL1640_V2,FRPN,1,Rg,3,19,0.238796555841057,0.9408423883600965,1.325325686477248,0.9408423883600965,0.9368545844860093,/share/home/202320162823/cmacro_BCDB/results_MD_final1640_v2/MD_FINAL1640_V2/FRPN/label1_Rg/fold_3/wd_0.0001_lr_0.0001_do_0.1_wogroup_False/metrics.json,/share/home/202320162823/cmacro_BCDB/results_MD_final1640_v2/MD_FINAL1640_V2/FRPN/label1_Rg/fold_3/wd_0.0001_lr_0.0001_do_0.1_wogroup_False/checkpoints/checkpoint.pt,/share/home/202320162823/cmacro_BCDB/paper_results/MD_FINAL1640_v2/oof_predictions/oof_FRPN__Rg.csv,/share/home/202320162823/cmacro_BCDB/paper_results/MD_FINAL1640_v2/oof_embeddings/oof_emb_FRPN__Rg.npz
MD_FINAL1640_V2,FRPN,1,Rg,4,21,0.23957324056120693,0.9455864982785012,1.317830972696152,0.9455864982785012,0.9438010458072138,/share/home/202320162823/cmacro_BCDB/results_MD_final1640_v2/MD_FINAL1640_V2/FRPN/label1_Rg/fold_4/wd_0.0001_lr_0.0001_do_0.1_wogroup_False/metrics.json,/share/home/202320162823/cmacro_BCDB/results_MD_final1640_v2/MD_FINAL1640_V2/FRPN/label1_Rg/fold_4/wd_0.0001_lr_0.0001_do_0.1_wogroup_False/checkpoints/checkpoint.pt,/share/home/202320162823/cmacro_BCDB/paper_results/MD_FINAL1640_v2/oof_predictions/oof_FRPN__Rg.csv,/share/home/202320162823/cmacro_BCDB/paper_results/MD_FINAL1640_v2/oof_embeddings/oof_emb_FRPN__Rg.npz
MD_FINAL1640_V2,FRPN,2,D,0,86,0.258243548051897,0.9324145410662318,7.531944091173445e-09,0.0,1.4905519197950898e-09,/share/home/202320162823/cmacro_BCDB/results_MD_final1640_v2/MD_FINAL1640_V2/FRPN/label2_D/fold_0/wd_0.0001_lr_0.0001_do_0.1_wogroup_False/metrics.json,/share/home/202320162823/cmacro_BCDB/results_MD_final1640_v2/MD_FINAL1640_V2/FRPN/label2_D/fold_0/wd_0.0001_lr_0.0001_do_0.1_wogroup_False/checkpoints/checkpoint.pt,/share/home/202320162823/cmacro_BCDB/paper_results/MD_FINAL1640_v2/oof_predictions/oof_FRPN__D.csv,/share/home/202320162823/cmacro_BCDB/paper_results/MD_FINAL1640_v2/oof_embeddings/oof_emb_FRPN__D.npz
MD_FINAL1640_V2,FRPN,2,D,1,31,0.2539912242077182,0.9339255179752947,2.1968913158668086e-08,0.0,2.784011681975572e-09,/share/home/202320162823/cmacro_BCDB/results_MD_final1640_v2/MD_FINAL1640_V2/FRPN/label2_D/fold_1/wd_0.0001_lr_0.0001_do_0.1_wogroup_False/metrics.json,/share/home/202320162823/cmacro_BCDB/results_MD_final1640_v2/MD_FINAL1640_V2/FRPN/label2_D/fold_1/wd_0.0001_lr_0.0001_do_0.1_wogroup_False/checkpoints/checkpoint.pt,/share/home/202320162823/cmacro_BCDB/paper_results/MD_FINAL1640_v2/oof_predictions/oof_FRPN__D.csv,/share/home/202320162823/cmacro_BCDB/paper_results/MD_FINAL1640_v2/oof_embeddings/oof_emb_FRPN__D.npz
MD_FINAL1640_V2,FRPN,2,D,2,26,0.20865357209173355,0.9550567271235073,8.927433697894672e-09,0.0,1.169688361805291e-09,/share/home/202320162823/cmacro_BCDB/results_MD_final1640_v2/MD_FINAL1640_V2/FRPN/label2_D/fold_2/wd_0.0001_lr_0.0001_do_0.1_wogroup_False/metrics.json,/share/home/202320162823/cmacro_BCDB/results_MD_final1640_v2/MD_FINAL1640_V2/FRPN/label2_D/fold_2/wd_0.0001_lr_0.0001_do_0.1_wogroup_False/checkpoints/checkpoint.pt,/share/home/202320162823/cmacro_BCDB/paper_results/MD_FINAL1640_v2/oof_predictions/oof_FRPN__D.csv,/share/home/202320162823/cmacro_BCDB/paper_results/MD_FINAL1640_v2/oof_embeddings/oof_emb_FRPN__D.npz
MD_FINAL1640_V2,FRPN,2,D,3,26,0.265463186257743,0.9311578782148442,1.0078288362920714e-08,0.0,1.7797836072222365e-09,/share/home/202320162823/cmacro_BCDB/results_MD_final1640_v2/MD_FINAL1640_V2/FRPN/label2_D/fold_3/wd_0.0001_lr_0.0001_do_0.1_wogroup_False/metrics.json,/share/home/202320162823/cmacro_BCDB/results_MD_final1640_v2/MD_FINAL1640_V2/FRPN/label2_D/fold_3/wd_0.0001_lr_0.0001_do_0.1_wogroup_False/checkpoints/checkpoint.pt,/share/home/202320162823/cmacro_BCDB/paper_results/MD_FINAL1640_v2/oof_predictions/oof_FRPN__D.csv,/share/home/202320162823/cmacro_BCDB/paper_results/MD_FINAL1640_v2/oof_embeddings/oof_emb_FRPN__D.npz
MD_FINAL1640_V2,FRPN,2,D,4,27,0.2434883337434019,0.943229100942546,1.619942684764879e-08,0.0,2.634831974203132e-09,/share/home/202320162823/cmacro_BCDB/results_MD_final1640_v2/MD_FINAL1640_V2/FRPN/label2_D/fold_4/wd_0.0001_lr_0.0001_do_0.1_wogroup_False/metrics.json,/share/home/202320162823/cmacro_BCDB/results_MD_final1640_v2/MD_FINAL1640_V2/FRPN/label2_D/fold_4/wd_0.0001_lr_0.0001_do_0.1_wogroup_False/checkpoints/checkpoint.pt,/share/home/202320162823/cmacro_BCDB/paper_results/MD_FINAL1640_v2/oof_predictions/oof_FRPN__D.csv,/share/home/202320162823/cmacro_BCDB/paper_results/MD_FINAL1640_v2/oof_embeddings/oof_emb_FRPN__D.npz
MD_FINAL1640_V2,FRPN,3,S_q_peak,0,51,0.7613319898987527,0.29132862434308093,0.5085324660871853,0.2913286243430808,0.39648260278420594,/share/home/202320162823/cmacro_BCDB/results_MD_final1640_v2/MD_FINAL1640_V2/FRPN/label3_S_q_peak/fold_0/wd_0.0001_lr_0.0001_do_0.1_wogroup_False/metrics.json,/share/home/202320162823/cmacro_BCDB/results_MD_final1640_v2/MD_FINAL1640_V2/FRPN/label3_S_q_peak/fold_0/wd_0.0001_lr_0.0001_do_0.1_wogroup_False/checkpoints/checkpoint.pt,/share/home/202320162823/cmacro_BCDB/paper_results/MD_FINAL1640_v2/oof_predictions/oof_FRPN__S_q_peak.csv,/share/home/202320162823/cmacro_BCDB/paper_results/MD_FINAL1640_v2/oof_embeddings/oof_emb_FRPN__S_q_peak.npz
MD_FINAL1640_V2,FRPN,3,S_q_peak,1,53,0.949322749458125,0.32497321948930513,0.6039603105157264,0.324973219489305,0.4634231985948482,/share/home/202320162823/cmacro_BCDB/results_MD_final1640_v2/MD_FINAL1640_V2/FRPN/label3_S_q_peak/fold_1/wd_0.0001_lr_0.0001_do_0.1_wogroup_False/metrics.json,/share/home/202320162823/cmacro_BCDB/results_MD_final1640_v2/MD_FINAL1640_V2/FRPN/label3_S_q_peak/fold_1/wd_0.0001_lr_0.0001_do_0.1_wogroup_False/checkpoints/checkpoint.pt,/share/home/202320162823/cmacro_BCDB/paper_results/MD_FINAL1640_v2/oof_predictions/oof_FRPN__S_q_peak.csv,/share/home/202320162823/cmacro_BCDB/paper_results/MD_FINAL1640_v2/oof_embeddings/oof_emb_FRPN__S_q_peak.npz
MD_FINAL1640_V2,FRPN,3,S_q_peak,2,68,0.813754086857542,0.31594215415960303,0.5364689087923457,0.3159421541596029,0.41307385028912724,/share/home/202320162823/cmacro_BCDB/results_MD_final1640_v2/MD_FINAL1640_V2/FRPN/label3_S_q_peak/fold_2/wd_0.0001_lr_0.0001_do_0.1_wogroup_False/metrics.json,/share/home/202320162823/cmacro_BCDB/results_MD_final1640_v2/MD_FINAL1640_V2/FRPN/label3_S_q_peak/fold_2/wd_0.0001_lr_0.0001_do_0.1_wogroup_False/checkpoints/checkpoint.pt,/share/home/202320162823/cmacro_BCDB/paper_results/MD_FINAL1640_v2/oof_predictions/oof_FRPN__S_q_peak.csv,/share/home/202320162823/cmacro_BCDB/paper_results/MD_FINAL1640_v2/oof_embeddings/oof_emb_FRPN__S_q_peak.npz
MD_FINAL1640_V2,FRPN,3,S_q_peak,3,28,0.7664740785538806,0.3573777809120382,0.5080704899536073,0.35737778091203787,0.3816546826873111,/share/home/202320162823/cmacro_BCDB/results_MD_final1640_v2/MD_FINAL1640_V2/FRPN/label3_S_q_peak/fold_3/wd_0.0001_lr_0.0001_do_0.1_wogroup_False/metrics.json,/share/home/202320162823/cmacro_BCDB/results_MD_final1640_v2/MD_FINAL1640_V2/FRPN/label3_S_q_peak/fold_3/wd_0.0001_lr_0.0001_do_0.1_wogroup_False/checkpoints/checkpoint.pt,/share/home/202320162823/cmacro_BCDB/paper_results/MD_FINAL1640_v2/oof_predictions/oof_FRPN__S_q_peak.csv,/share/home/202320162823/cmacro_BCDB/paper_results/MD_FINAL1640_v2/oof_embeddings/oof_emb_FRPN__S_q_peak.npz
MD_FINAL1640_V2,FRPN,3,S_q_peak,4,30,0.8318360093539262,0.2833025711871098,0.5478697509335471,0.28330257118710955,0.40892671208285497,/share/home/202320162823/cmacro_BCDB/results_MD_final1640_v2/MD_FINAL1640_V2/FRPN/label3_S_q_peak/fold_4/wd_0.0001_lr_0.0001_do_0.1_wogroup_False/metrics.json,/share/home/202320162823/cmacro_BCDB/results_MD_final1640_v2/MD_FINAL1640_V2/FRPN/label3_S_q_peak/fold_4/wd_0.0001_lr_0.0001_do_0.1_wogroup_False/checkpoints/checkpoint.pt,/share/home/202320162823/cmacro_BCDB/paper_results/MD_FINAL1640_v2/oof_predictions/oof_FRPN__S_q_peak.csv,/share/home/202320162823/cmacro_BCDB/paper_results/MD_FINAL1640_v2/oof_embeddings/oof_emb_FRPN__S_q_peak.npz
MD_FINAL1640_V2,FRPN,4,nematic_order,0,37,0.8402482793604872,0.24840179867320944,0.10134392055071481,0.24840179867320955,0.07834391815340587,/share/home/202320162823/cmacro_BCDB/results_MD_final1640_v2/MD_FINAL1640_V2/FRPN/label4_nematic_order/fold_0/wd_0.0001_lr_0.0001_do_0.1_wogroup_False/metrics.json,/share/home/202320162823/cmacro_BCDB/results_MD_final1640_v2/MD_FINAL1640_V2/FRPN/label4_nematic_order/fold_0/wd_0.0001_lr_0.0001_do_0.1_wogroup_False/checkpoints/checkpoint.pt,/share/home/202320162823/cmacro_BCDB/paper_results/MD_FINAL1640_v2/oof_predictions/oof_FRPN__nematic_order.csv,/share/home/202320162823/cmacro_BCDB/paper_results/MD_FINAL1640_v2/oof_embeddings/oof_emb_FRPN__nematic_order.npz
MD_FINAL1640_V2,FRPN,4,nematic_order,1,5,0.7972899291190894,0.23749355215110501,0.09714085789483815,0.23749355215110501,0.07588291391583772,/share/home/202320162823/cmacro_BCDB/results_MD_final1640_v2/MD_FINAL1640_V2/FRPN/label4_nematic_order/fold_1/wd_0.0001_lr_0.0001_do_0.1_wogroup_False/metrics.json,/share/home/202320162823/cmacro_BCDB/results_MD_final1640_v2/MD_FINAL1640_V2/FRPN/label4_nematic_order/fold_1/wd_0.0001_lr_0.0001_do_0.1_wogroup_False/checkpoints/checkpoint.pt,/share/home/202320162823/cmacro_BCDB/paper_results/MD_FINAL1640_v2/oof_predictions/oof_FRPN__nematic_order.csv,/share/home/202320162823/cmacro_BCDB/paper_results/MD_FINAL1640_v2/oof_embeddings/oof_emb_FRPN__nematic_order.npz
MD_FINAL1640_V2,FRPN,4,nematic_order,2,99,0.918632374905972,0.23961660193915646,0.10889823512051276,0.23961660193915657,0.07887406532348201,/share/home/202320162823/cmacro_BCDB/results_MD_final1640_v2/MD_FINAL1640_V2/FRPN/label4_nematic_order/fold_2/wd_0.0001_lr_0.0001_do_0.1_wogroup_False/metrics.json,/share/home/202320162823/cmacro_BCDB/results_MD_final1640_v2/MD_FINAL1640_V2/FRPN/label4_nematic_order/fold_2/wd_0.0001_lr_0.0001_do_0.1_wogroup_False/checkpoints/checkpoint.pt,/share/home/202320162823/cmacro_BCDB/paper_results/MD_FINAL1640_v2/oof_predictions/oof_FRPN__nematic_order.csv,/share/home/202320162823/cmacro_BCDB/paper_results/MD_FINAL1640_v2/oof_embeddings/oof_emb_FRPN__nematic_order.npz
MD_FINAL1640_V2,FRPN,4,nematic_order,3,62,0.880829590994438,0.2402563955925523,0.10537221261195767,0.24025639559255252,0.08028506304975797,/share/home/202320162823/cmacro_BCDB/results_MD_final1640_v2/MD_FINAL1640_V2/FRPN/label4_nematic_order/fold_3/wd_0.0001_lr_0.0001_do_0.1_wogroup_False/metrics.json,/share/home/202320162823/cmacro_BCDB/results_MD_final1640_v2/MD_FINAL1640_V2/FRPN/label4_nematic_order/fold_3/wd_0.0001_lr_0.0001_do_0.1_wogroup_False/checkpoints/checkpoint.pt,/share/home/202320162823/cmacro_BCDB/paper_results/MD_FINAL1640_v2/oof_predictions/oof_FRPN__nematic_order.csv,/share/home/202320162823/cmacro_BCDB/paper_results/MD_FINAL1640_v2/oof_embeddings/oof_emb_FRPN__nematic_order.npz
MD_FINAL1640_V2,FRPN,4,nematic_order,4,68,0.9192053949985496,0.2289470705836083,0.10912622605117421,0.22894707058360808,0.08186937054693377,/share/home/202320162823/cmacro_BCDB/results_MD_final1640_v2/MD_FINAL1640_V2/FRPN/label4_nematic_order/fold_4/wd_0.0001_lr_0.0001_do_0.1_wogroup_False/metrics.json,/share/home/202320162823/cmacro_BCDB/results_MD_final1640_v2/MD_FINAL1640_V2/FRPN/label4_nematic_order/fold_4/wd_0.0001_lr_0.0001_do_0.1_wogroup_False/checkpoints/checkpoint.pt,/share/home/202320162823/cmacro_BCDB/paper_results/MD_FINAL1640_v2/oof_predictions/oof_FRPN__nematic_order.csv,/share/home/202320162823/cmacro_BCDB/paper_results/MD_FINAL1640_v2/oof_embeddings/oof_emb_FRPN__nematic_order.npz
MD_FINAL1640_V2,FRPN,5,dielectric_constant,0,62,0.25452106788982054,0.8965960092157269,0.10835984937151759,0.8965960092157269,0.06925732237657438,/share/home/202320162823/cmacro_BCDB/results_MD_final1640_v2/MD_FINAL1640_V2/FRPN/label5_dielectric_constant/fold_0/wd_0.0001_lr_0.0001_do_0.1_wogroup_False/metrics.json,/share/home/202320162823/cmacro_BCDB/results_MD_final1640_v2/MD_FINAL1640_V2/FRPN/label5_dielectric_constant/fold_0/wd_0.0001_lr_0.0001_do_0.1_wogroup_False/checkpoints/checkpoint.pt,/share/home/202320162823/cmacro_BCDB/paper_results/MD_FINAL1640_v2/oof_predictions/oof_FRPN__dielectric_constant.csv,/share/home/202320162823/cmacro_BCDB/paper_results/MD_FINAL1640_v2/oof_embeddings/oof_emb_FRPN__dielectric_constant.npz
MD_FINAL1640_V2,FRPN,5,dielectric_constant,1,50,0.27127047073420546,0.8770380853231947,0.11586541983239165,0.8770380853231947,0.0769891392711694,/share/home/202320162823/cmacro_BCDB/results_MD_final1640_v2/MD_FINAL1640_V2/FRPN/label5_dielectric_constant/fold_1/wd_0.0001_lr_0.0001_do_0.1_wogroup_False/metrics.json,/share/home/202320162823/cmacro_BCDB/results_MD_final1640_v2/MD_FINAL1640_V2/FRPN/label5_dielectric_constant/fold_1/wd_0.0001_lr_0.0001_do_0.1_wogroup_False/checkpoints/checkpoint.pt,/share/home/202320162823/cmacro_BCDB/paper_results/MD_FINAL1640_v2/oof_predictions/oof_FRPN__dielectric_constant.csv,/share/home/202320162823/cmacro_BCDB/paper_results/MD_FINAL1640_v2/oof_embeddings/oof_emb_FRPN__dielectric_constant.npz
MD_FINAL1640_V2,FRPN,5,dielectric_constant,2,30,0.3719052305294129,0.8437274247734525,0.15411165920478676,0.8437274247734525,0.07885481300096552,/share/home/202320162823/cmacro_BCDB/results_MD_final1640_v2/MD_FINAL1640_V2/FRPN/label5_dielectric_constant/fold_2/wd_0.0001_lr_0.0001_do_0.1_wogroup_False/metrics.json,/share/home/202320162823/cmacro_BCDB/results_MD_final1640_v2/MD_FINAL1640_V2/FRPN/label5_dielectric_constant/fold_2/wd_0.0001_lr_0.0001_do_0.1_wogroup_False/checkpoints/checkpoint.pt,/share/home/202320162823/cmacro_BCDB/paper_results/MD_FINAL1640_v2/oof_predictions/oof_FRPN__dielectric_constant.csv,/share/home/202320162823/cmacro_BCDB/paper_results/MD_FINAL1640_v2/oof_embeddings/oof_emb_FRPN__dielectric_constant.npz
MD_FINAL1640_V2,FRPN,5,dielectric_constant,3,45,0.3406382553182041,0.9085572967679074,0.13590925229655118,0.9085572967679074,0.0761453378033513,/share/home/202320162823/cmacro_BCDB/results_MD_final1640_v2/MD_FINAL1640_V2/FRPN/label5_dielectric_constant/fold_3/wd_0.0001_lr_0.0001_do_0.1_wogroup_False/metrics.json,/share/home/202320162823/cmacro_BCDB/results_MD_final1640_v2/MD_FINAL1640_V2/FRPN/label5_dielectric_constant/fold_3/wd_0.0001_lr_0.0001_do_0.1_wogroup_False/checkpoints/checkpoint.pt,/share/home/202320162823/cmacro_BCDB/paper_results/MD_FINAL1640_v2/oof_predictions/oof_FRPN__dielectric_constant.csv,/share/home/202320162823/cmacro_BCDB/paper_results/MD_FINAL1640_v2/oof_embeddings/oof_emb_FRPN__dielectric_constant.npz
MD_FINAL1640_V2,FRPN,5,dielectric_constant,4,18,0.410082633740947,0.906931050991401,0.15573560887392263,0.906931050991401,0.0903596522638515,/share/home/202320162823/cmacro_BCDB/results_MD_final1640_v2/MD_FINAL1640_V2/FRPN/label5_dielectric_constant/fold_4/wd_0.0001_lr_0.0001_do_0.1_wogroup_False/metrics.json,/share/home/202320162823/cmacro_BCDB/results_MD_final1640_v2/MD_FINAL1640_V2/FRPN/label5_dielectric_constant/fold_4/wd_0.0001_lr_0.0001_do_0.1_wogroup_False/checkpoints/checkpoint.pt,/share/home/202320162823/cmacro_BCDB/paper_results/MD_FINAL1640_v2/oof_predictions/oof_FRPN__dielectric_constant.csv,/share/home/202320162823/cmacro_BCDB/paper_results/MD_FINAL1640_v2/oof_embeddings/oof_emb_FRPN__dielectric_constant.npz
MD_FINAL1640_V2,FRPN,6,refractive_index,0,56,0.05889354425606173,0.9964989758984655,0.006087694288468294,0.9964989758984655,0.003966666664943444,/share/home/202320162823/cmacro_BCDB/results_MD_final1640_v2/MD_FINAL1640_V2/FRPN/label6_refractive_index/fold_0/wd_0.0001_lr_0.0001_do_0.1_wogroup_False/metrics.json,/share/home/202320162823/cmacro_BCDB/results_MD_final1640_v2/MD_FINAL1640_V2/FRPN/label6_refractive_index/fold_0/wd_0.0001_lr_0.0001_do_0.1_wogroup_False/checkpoints/checkpoint.pt,/share/home/202320162823/cmacro_BCDB/paper_results/MD_FINAL1640_v2/oof_predictions/oof_FRPN__refractive_index.csv,/share/home/202320162823/cmacro_BCDB/paper_results/MD_FINAL1640_v2/oof_embeddings/oof_emb_FRPN__refractive_index.npz
MD_FINAL1640_V2,FRPN,6,refractive_index,1,94,0.05435856422789503,0.9963794779324151,0.005720396285620166,0.9963794779324151,0.0034912449996786533,/share/home/202320162823/cmacro_BCDB/results_MD_final1640_v2/MD_FINAL1640_V2/FRPN/label6_refractive_index/fold_1/wd_0.0001_lr_0.0001_do_0.1_wogroup_False/metrics.json,/share/home/202320162823/cmacro_BCDB/results_MD_final1640_v2/MD_FINAL1640_V2/FRPN/label6_refractive_index/fold_1/wd_0.0001_lr_0.0001_do_0.1_wogroup_False/checkpoints/checkpoint.pt,/share/home/202320162823/cmacro_BCDB/paper_results/MD_FINAL1640_v2/oof_predictions/oof_FRPN__refractive_index.csv,/share/home/202320162823/cmacro_BCDB/paper_results/MD_FINAL1640_v2/oof_embeddings/oof_emb_FRPN__refractive_index.npz
MD_FINAL1640_V2,FRPN,6,refractive_index,2,87,0.07586555036158393,0.9944279189512696,0.007809413934725271,0.9944279189512696,0.004504702318057477,/share/home/202320162823/cmacro_BCDB/results_MD_final1640_v2/MD_FINAL1640_V2/FRPN/label6_refractive_index/fold_2/wd_0.0001_lr_0.0001_do_0.1_wogroup_False/metrics.json,/share/home/202320162823/cmacro_BCDB/results_MD_final1640_v2/MD_FINAL1640_V2/FRPN/label6_refractive_index/fold_2/wd_0.0001_lr_0.0001_do_0.1_wogroup_False/checkpoints/checkpoint.pt,/share/home/202320162823/cmacro_BCDB/paper_results/MD_FINAL1640_v2/oof_predictions/oof_FRPN__refractive_index.csv,/share/home/202320162823/cmacro_BCDB/paper_results/MD_FINAL1640_v2/oof_embeddings/oof_emb_FRPN__refractive_index.npz
MD_FINAL1640_V2,FRPN,6,refractive_index,3,92,0.06631627884158019,0.9957372874607981,0.006827737902549723,0.9957372874607981,0.004336257885934282,/share/home/202320162823/cmacro_BCDB/results_MD_final1640_v2/MD_FINAL1640_V2/FRPN/label6_refractive_index/fold_3/wd_0.0001_lr_0.0001_do_0.1_wogroup_False/metrics.json,/share/home/202320162823/cmacro_BCDB/results_MD_final1640_v2/MD_FINAL1640_V2/FRPN/label6_refractive_index/fold_3/wd_0.0001_lr_0.0001_do_0.1_wogroup_False/checkpoints/checkpoint.pt,/share/home/202320162823/cmacro_BCDB/paper_results/MD_FINAL1640_v2/oof_predictions/oof_FRPN__refractive_index.csv,/share/home/202320162823/cmacro_BCDB/paper_results/MD_FINAL1640_v2/oof_embeddings/oof_emb_FRPN__refractive_index.npz
MD_FINAL1640_V2,FRPN,6,refractive_index,4,75,0.08678350141539001,0.993360697009162,0.008841350943730125,0.993360697009162,0.005422107511055854,/share/home/202320162823/cmacro_BCDB/results_MD_final1640_v2/MD_FINAL1640_V2/FRPN/label6_refractive_index/fold_4/wd_0.0001_lr_0.0001_do_0.1_wogroup_False/metrics.json,/share/home/202320162823/cmacro_BCDB/results_MD_final1640_v2/MD_FINAL1640_V2/FRPN/label6_refractive_index/fold_4/wd_0.0001_lr_0.0001_do_0.1_wogroup_False/checkpoints/checkpoint.pt,/share/home/202320162823/cmacro_BCDB/paper_results/MD_FINAL1640_v2/oof_predictions/oof_FRPN__refractive_index.csv,/share/home/202320162823/cmacro_BCDB/paper_results/MD_FINAL1640_v2/oof_embeddings/oof_emb_FRPN__refractive_index.npz
MD_FINAL1640_V2,FRPN_FP,0,density,0,80,0.07453454110469598,0.9949425439806067,0.012676729495502512,0.9949425439806067,0.008224841839349845,/share/home/202320162823/cmacro_BCDB/results_MD_final1640_v2/MD_FINAL1640_V2/FRPN_FP/label0_density/fold_0/wd_0.0001_lr_0.0001_do_0.1_wogroup_False/metrics.json,/share/home/202320162823/cmacro_BCDB/results_MD_final1640_v2/MD_FINAL1640_V2/FRPN_FP/label0_density/fold_0/wd_0.0001_lr_0.0001_do_0.1_wogroup_False/checkpoints/checkpoint.pt,/share/home/202320162823/cmacro_BCDB/paper_results/MD_FINAL1640_v2/oof_predictions/oof_FRPN_FP__density.csv,/share/home/202320162823/cmacro_BCDB/paper_results/MD_FINAL1640_v2/oof_embeddings/oof_emb_FRPN_FP__density.npz
MD_FINAL1640_V2,FRPN_FP,0,density,1,28,0.08407040280339731,0.9921514321237958,0.014581292144580182,0.9921514321237958,0.008692895632568913,/share/home/202320162823/cmacro_BCDB/results_MD_final1640_v2/MD_FINAL1640_V2/FRPN_FP/label0_density/fold_1/wd_0.0001_lr_0.0001_do_0.1_wogroup_False/metrics.json,/share/home/202320162823/cmacro_BCDB/results_MD_final1640_v2/MD_FINAL1640_V2/FRPN_FP/label0_density/fold_1/wd_0.0001_lr_0.0001_do_0.1_wogroup_False/checkpoints/checkpoint.pt,/share/home/202320162823/cmacro_BCDB/paper_results/MD_FINAL1640_v2/oof_predictions/oof_FRPN_FP__density.csv,/share/home/202320162823/cmacro_BCDB/paper_results/MD_FINAL1640_v2/oof_embeddings/oof_emb_FRPN_FP__density.npz
MD_FINAL1640_V2,FRPN_FP,0,density,2,59,0.10560390922024493,0.9892665017186842,0.018063086293095568,0.9892665017186842,0.00947313927555727,/share/home/202320162823/cmacro_BCDB/results_MD_final1640_v2/MD_FINAL1640_V2/FRPN_FP/label0_density/fold_2/wd_0.0001_lr_0.0001_do_0.1_wogroup_False/metrics.json,/share/home/202320162823/cmacro_BCDB/results_MD_final1640_v2/MD_FINAL1640_V2/FRPN_FP/label0_density/fold_2/wd_0.0001_lr_0.0001_do_0.1_wogroup_False/checkpoints/checkpoint.pt,/share/home/202320162823/cmacro_BCDB/paper_results/MD_FINAL1640_v2/oof_predictions/oof_FRPN_FP__density.csv,/share/home/202320162823/cmacro_BCDB/paper_results/MD_FINAL1640_v2/oof_embeddings/oof_emb_FRPN_FP__density.npz
MD_FINAL1640_V2,FRPN_FP,0,density,3,87,0.08090508163535984,0.9932738202819474,0.013932119368959654,0.9932738202819474,0.008878424361882112,/share/home/202320162823/cmacro_BCDB/results_MD_final1640_v2/MD_FINAL1640_V2/FRPN_FP/label0_density/fold_3/wd_0.0001_lr_0.0001_do_0.1_wogroup_False/metrics.json,/share/home/202320162823/cmacro_BCDB/results_MD_final1640_v2/MD_FINAL1640_V2/FRPN_FP/label0_density/fold_3/wd_0.0001_lr_0.0001_do_0.1_wogroup_False/checkpoints/checkpoint.pt,/share/home/202320162823/cmacro_BCDB/paper_results/MD_FINAL1640_v2/oof_predictions/oof_FRPN_FP__density.csv,/share/home/202320162823/cmacro_BCDB/paper_results/MD_FINAL1640_v2/oof_embeddings/oof_emb_FRPN_FP__density.npz
MD_FINAL1640_V2,FRPN_FP,0,density,4,57,0.09392209726921356,0.9910860572670852,0.01614757159975055,0.9910860572670852,0.009866064315398217,/share/home/202320162823/cmacro_BCDB/results_MD_final1640_v2/MD_FINAL1640_V2/FRPN_FP/label0_density/fold_4/wd_0.0001_lr_0.0001_do_0.1_wogroup_False/metrics.json,/share/home/202320162823/cmacro_BCDB/results_MD_final1640_v2/MD_FINAL1640_V2/FRPN_FP/label0_density/fold_4/wd_0.0001_lr_0.0001_do_0.1_wogroup_False/checkpoints/checkpoint.pt,/share/home/202320162823/cmacro_BCDB/paper_results/MD_FINAL1640_v2/oof_predictions/oof_FRPN_FP__density.csv,/share/home/202320162823/cmacro_BCDB/paper_results/MD_FINAL1640_v2/oof_embeddings/oof_emb_FRPN_FP__density.npz
MD_FINAL1640_V2,FRPN_FP,1,Rg,0,16,0.2499980885770299,0.9403167121241848,1.3760968723494607,0.9403167121241848,0.9664304286268807,/share/home/202320162823/cmacro_BCDB/results_MD_final1640_v2/MD_FINAL1640_V2/FRPN_FP/label1_Rg/fold_0/wd_0.0001_lr_0.0001_do_0.1_wogroup_False/metrics.json,/share/home/202320162823/cmacro_BCDB/results_MD_final1640_v2/MD_FINAL1640_V2/FRPN_FP/label1_Rg/fold_0/wd_0.0001_lr_0.0001_do_0.1_wogroup_False/checkpoints/checkpoint.pt,/share/home/202320162823/cmacro_BCDB/paper_results/MD_FINAL1640_v2/oof_predictions/oof_FRPN_FP__Rg.csv,/share/home/202320162823/cmacro_BCDB/paper_results/MD_FINAL1640_v2/oof_embeddings/oof_emb_FRPN_FP__Rg.npz
MD_FINAL1640_V2,FRPN_FP,1,Rg,1,11,0.256063947863704,0.9313658381284246,1.4226402648386431,0.9313658381284246,1.052022546849559,/share/home/202320162823/cmacro_BCDB/results_MD_final1640_v2/MD_FINAL1640_V2/FRPN_FP/label1_Rg/fold_1/wd_0.0001_lr_0.0001_do_0.1_wogroup_False/metrics.json,/share/home/202320162823/cmacro_BCDB/results_MD_final1640_v2/MD_FINAL1640_V2/FRPN_FP/label1_Rg/fold_1/wd_0.0001_lr_0.0001_do_0.1_wogroup_False/checkpoints/checkpoint.pt,/share/home/202320162823/cmacro_BCDB/paper_results/MD_FINAL1640_v2/oof_predictions/oof_FRPN_FP__Rg.csv,/share/home/202320162823/cmacro_BCDB/paper_results/MD_FINAL1640_v2/oof_embeddings/oof_emb_FRPN_FP__Rg.npz
MD_FINAL1640_V2,FRPN_FP,1,Rg,2,22,0.29037162914989934,0.9137067334839126,1.609796495096055,0.9137067334839126,1.07228546579029,/share/home/202320162823/cmacro_BCDB/results_MD_final1640_v2/MD_FINAL1640_V2/FRPN_FP/label1_Rg/fold_2/wd_0.0001_lr_0.0001_do_0.1_wogroup_False/metrics.json,/share/home/202320162823/cmacro_BCDB/results_MD_final1640_v2/MD_FINAL1640_V2/FRPN_FP/label1_Rg/fold_2/wd_0.0001_lr_0.0001_do_0.1_wogroup_False/checkpoints/checkpoint.pt,/share/home/202320162823/cmacro_BCDB/paper_results/MD_FINAL1640_v2/oof_predictions/oof_FRPN_FP__Rg.csv,/share/home/202320162823/cmacro_BCDB/paper_results/MD_FINAL1640_v2/oof_embeddings/oof_emb_FRPN_FP__Rg.npz
MD_FINAL1640_V2,FRPN_FP,1,Rg,3,20,0.24105440119024682,0.9397184174490757,1.3378567735644766,0.9397184174490756,0.9344726540356975,/share/home/202320162823/cmacro_BCDB/results_MD_final1640_v2/MD_FINAL1640_V2/FRPN_FP/label1_Rg/fold_3/wd_0.0001_lr_0.0001_do_0.1_wogroup_False/metrics.json,/share/home/202320162823/cmacro_BCDB/results_MD_final1640_v2/MD_FINAL1640_V2/FRPN_FP/label1_Rg/fold_3/wd_0.0001_lr_0.0001_do_0.1_wogroup_False/checkpoints/checkpoint.pt,/share/home/202320162823/cmacro_BCDB/paper_results/MD_FINAL1640_v2/oof_predictions/oof_FRPN_FP__Rg.csv,/share/home/202320162823/cmacro_BCDB/paper_results/MD_FINAL1640_v2/oof_embeddings/oof_emb_FRPN_FP__Rg.npz
MD_FINAL1640_V2,FRPN_FP,1,Rg,4,16,0.2495913008087611,0.9409406110036537,1.3729377536105674,0.9409406110036537,0.9533784997663869,/share/home/202320162823/cmacro_BCDB/results_MD_final1640_v2/MD_FINAL1640_V2/FRPN_FP/label1_Rg/fold_4/wd_0.0001_lr_0.0001_do_0.1_wogroup_False/metrics.json,/share/home/202320162823/cmacro_BCDB/results_MD_final1640_v2/MD_FINAL1640_V2/FRPN_FP/label1_Rg/fold_4/wd_0.0001_lr_0.0001_do_0.1_wogroup_False/checkpoints/checkpoint.pt,/share/home/202320162823/cmacro_BCDB/paper_results/MD_FINAL1640_v2/oof_predictions/oof_FRPN_FP__Rg.csv,/share/home/202320162823/cmacro_BCDB/paper_results/MD_FINAL1640_v2/oof_embeddings/oof_emb_FRPN_FP__Rg.npz
MD_FINAL1640_V2,FRPN_FP,2,D,0,13,0.2671032291869181,0.9276976214918379,7.650614441502693e-09,0.0,1.517885972159423e-09,/share/home/202320162823/cmacro_BCDB/results_MD_final1640_v2/MD_FINAL1640_V2/FRPN_FP/label2_D/fold_0/wd_0.0001_lr_0.0001_do_0.1_wogroup_False/metrics.json,/share/home/202320162823/cmacro_BCDB/results_MD_final1640_v2/MD_FINAL1640_V2/FRPN_FP/label2_D/fold_0/wd_0.0001_lr_0.0001_do_0.1_wogroup_False/checkpoints/checkpoint.pt,/share/home/202320162823/cmacro_BCDB/paper_results/MD_FINAL1640_v2/oof_predictions/oof_FRPN_FP__D.csv,/share/home/202320162823/cmacro_BCDB/paper_results/MD_FINAL1640_v2/oof_embeddings/oof_emb_FRPN_FP__D.npz
MD_FINAL1640_V2,FRPN_FP,2,D,1,8,0.2548458762621816,0.9334801033688126,2.2000855144043984e-08,0.0,2.793868250990133e-09,/share/home/202320162823/cmacro_BCDB/results_MD_final1640_v2/MD_FINAL1640_V2/FRPN_FP/label2_D/fold_1/wd_0.0001_lr_0.0001_do_0.1_wogroup_False/metrics.json,/share/home/202320162823/cmacro_BCDB/results_MD_final1640_v2/MD_FINAL1640_V2/FRPN_FP/label2_D/fold_1/wd_0.0001_lr_0.0001_do_0.1_wogroup_False/checkpoints/checkpoint.pt,/share/home/202320162823/cmacro_BCDB/paper_results/MD_FINAL1640_v2/oof_predictions/oof_FRPN_FP__D.csv,/share/home/202320162823/cmacro_BCDB/paper_results/MD_FINAL1640_v2/oof_embeddings/oof_emb_FRPN_FP__D.npz
MD_FINAL1640_V2,FRPN_FP,2,D,2,10,0.20999838607613097,0.9544755233961608,8.96501489304855e-09,0.0,1.1756146302446134e-09,/share/home/202320162823/cmacro_BCDB/results_MD_final1640_v2/MD_FINAL1640_V2/FRPN_FP/label2_D/fold_2/wd_0.0001_lr_0.0001_do_0.1_wogroup_False/metrics.json,/share/home/202320162823/cmacro_BCDB/results_MD_final1640_v2/MD_FINAL1640_V2/FRPN_FP/label2_D/fold_2/wd_0.0001_lr_0.0001_do_0.1_wogroup_False/checkpoints/checkpoint.pt,/share/home/202320162823/cmacro_BCDB/paper_results/MD_FINAL1640_v2/oof_predictions/oof_FRPN_FP__D.csv,/share/home/202320162823/cmacro_BCDB/paper_results/MD_FINAL1640_v2/oof_embeddings/oof_emb_FRPN_FP__D.npz
MD_FINAL1640_V2,FRPN_FP,2,D,3,16,0.27227595070515215,0.9275790515792047,1.004662001451783e-08,0.0,1.811237723146933e-09,/share/home/202320162823/cmacro_BCDB/results_MD_final1640_v2/MD_FINAL1640_V2/FRPN_FP/label2_D/fold_3/wd_0.0001_lr_0.0001_do_0.1_wogroup_False/metrics.json,/share/home/202320162823/cmacro_BCDB/results_MD_final1640_v2/MD_FINAL1640_V2/FRPN_FP/label2_D/fold_3/wd_0.0001_lr_0.0001_do_0.1_wogroup_False/checkpoints/checkpoint.pt,/share/home/202320162823/cmacro_BCDB/paper_results/MD_FINAL1640_v2/oof_predictions/oof_FRPN_FP__D.csv,/share/home/202320162823/cmacro_BCDB/paper_results/MD_FINAL1640_v2/oof_embeddings/oof_emb_FRPN_FP__D.npz
MD_FINAL1640_V2,FRPN_FP,2,D,4,14,0.2436908254763834,0.9431346371330996,1.616908024664727e-08,0.0,2.6678314055922434e-09,/share/home/202320162823/cmacro_BCDB/results_MD_final1640_v2/MD_FINAL1640_V2/FRPN_FP/label2_D/fold_4/wd_0.0001_lr_0.0001_do_0.1_wogroup_False/metrics.json,/share/home/202320162823/cmacro_BCDB/results_MD_final1640_v2/MD_FINAL1640_V2/FRPN_FP/label2_D/fold_4/wd_0.0001_lr_0.0001_do_0.1_wogroup_False/checkpoints/checkpoint.pt,/share/home/202320162823/cmacro_BCDB/paper_results/MD_FINAL1640_v2/oof_predictions/oof_FRPN_FP__D.csv,/share/home/202320162823/cmacro_BCDB/paper_results/MD_FINAL1640_v2/oof_embeddings/oof_emb_FRPN_FP__D.npz
MD_FINAL1640_V2,FRPN_FP,3,S_q_peak,0,11,0.7895895081485654,0.23774642114415467,0.5274071037376955,0.23774642114415456,0.40734502374000553,/share/home/202320162823/cmacro_BCDB/results_MD_final1640_v2/MD_FINAL1640_V2/FRPN_FP/label3_S_q_peak/fold_0/wd_0.0001_lr_0.0001_do_0.1_wogroup_False/metrics.json,/share/home/202320162823/cmacro_BCDB/results_MD_final1640_v2/MD_FINAL1640_V2/FRPN_FP/label3_S_q_peak/fold_0/wd_0.0001_lr_0.0001_do_0.1_wogroup_False/checkpoints/checkpoint.pt,/share/home/202320162823/cmacro_BCDB/paper_results/MD_FINAL1640_v2/oof_predictions/oof_FRPN_FP__S_q_peak.csv,/share/home/202320162823/cmacro_BCDB/paper_results/MD_FINAL1640_v2/oof_embeddings/oof_emb_FRPN_FP__S_q_peak.npz
MD_FINAL1640_V2,FRPN_FP,3,S_q_peak,1,9,0.9611681276948685,0.3080225394072664,0.6114963548400865,0.30802253940726654,0.46840994737084873,/share/home/202320162823/cmacro_BCDB/results_MD_final1640_v2/MD_FINAL1640_V2/FRPN_FP/label3_S_q_peak/fold_1/wd_0.0001_lr_0.0001_do_0.1_wogroup_False/metrics.json,/share/home/202320162823/cmacro_BCDB/results_MD_final1640_v2/MD_FINAL1640_V2/FRPN_FP/label3_S_q_peak/fold_1/wd_0.0001_lr_0.0001_do_0.1_wogroup_False/checkpoints/checkpoint.pt,/share/home/202320162823/cmacro_BCDB/paper_results/MD_FINAL1640_v2/oof_predictions/oof_FRPN_FP__S_q_peak.csv,/share/home/202320162823/cmacro_BCDB/paper_results/MD_FINAL1640_v2/oof_embeddings/oof_emb_FRPN_FP__S_q_peak.npz
MD_FINAL1640_V2,FRPN_FP,3,S_q_peak,2,8,0.8512800678786385,0.2513972940041529,0.5612079821990199,0.25139729400415267,0.4354827102885556,/share/home/202320162823/cmacro_BCDB/results_MD_final1640_v2/MD_FINAL1640_V2/FRPN_FP/label3_S_q_peak/fold_2/wd_0.0001_lr_0.0001_do_0.1_wogroup_False/metrics.json,/share/home/202320162823/cmacro_BCDB/results_MD_final1640_v2/MD_FINAL1640_V2/FRPN_FP/label3_S_q_peak/fold_2/wd_0.0001_lr_0.0001_do_0.1_wogroup_False/checkpoints/checkpoint.pt,/share/home/202320162823/cmacro_BCDB/paper_results/MD_FINAL1640_v2/oof_predictions/oof_FRPN_FP__S_q_peak.csv,/share/home/202320162823/cmacro_BCDB/paper_results/MD_FINAL1640_v2/oof_embeddings/oof_emb_FRPN_FP__S_q_peak.npz
MD_FINAL1640_V2,FRPN_FP,3,S_q_peak,3,16,0.7792013149103216,0.3358592213735355,0.516506956877019,0.3358592213735354,0.38522545054836516,/share/home/202320162823/cmacro_BCDB/results_MD_final1640_v2/MD_FINAL1640_V2/FRPN_FP/label3_S_q_peak/fold_3/wd_0.0001_lr_0.0001_do_0.1_wogroup_False/metrics.json,/share/home/202320162823/cmacro_BCDB/results_MD_final1640_v2/MD_FINAL1640_V2/FRPN_FP/label3_S_q_peak/fold_3/wd_0.0001_lr_0.0001_do_0.1_wogroup_False/checkpoints/checkpoint.pt,/share/home/202320162823/cmacro_BCDB/paper_results/MD_FINAL1640_v2/oof_predictions/oof_FRPN_FP__S_q_peak.csv,/share/home/202320162823/cmacro_BCDB/paper_results/MD_FINAL1640_v2/oof_embeddings/oof_emb_FRPN_FP__S_q_peak.npz
MD_FINAL1640_V2,FRPN_FP,3,S_q_peak,4,18,0.854019380810268,0.24456714992196593,0.5624803208752016,0.2445671499219657,0.4304089186158835,/share/home/202320162823/cmacro_BCDB/results_MD_final1640_v2/MD_FINAL1640_V2/FRPN_FP/label3_S_q_peak/fold_4/wd_0.0001_lr_0.0001_do_0.1_wogroup_False/metrics.json,/share/home/202320162823/cmacro_BCDB/results_MD_final1640_v2/MD_FINAL1640_V2/FRPN_FP/label3_S_q_peak/fold_4/wd_0.0001_lr_0.0001_do_0.1_wogroup_False/checkpoints/checkpoint.pt,/share/home/202320162823/cmacro_BCDB/paper_results/MD_FINAL1640_v2/oof_predictions/oof_FRPN_FP__S_q_peak.csv,/share/home/202320162823/cmacro_BCDB/paper_results/MD_FINAL1640_v2/oof_embeddings/oof_emb_FRPN_FP__S_q_peak.npz
MD_FINAL1640_V2,FRPN_FP,4,nematic_order,0,2,0.8275075147942503,0.2710221016309684,0.09980723304575638,0.27102210163096874,0.07847141770358278,/share/home/202320162823/cmacro_BCDB/results_MD_final1640_v2/MD_FINAL1640_V2/FRPN_FP/label4_nematic_order/fold_0/wd_0.0001_lr_0.0001_do_0.1_wogroup_False/metrics.json,/share/home/202320162823/cmacro_BCDB/results_MD_final1640_v2/MD_FINAL1640_V2/FRPN_FP/label4_nematic_order/fold_0/wd_0.0001_lr_0.0001_do_0.1_wogroup_False/checkpoints/checkpoint.pt,/share/home/202320162823/cmacro_BCDB/paper_results/MD_FINAL1640_v2/oof_predictions/oof_FRPN_FP__nematic_order.csv,/share/home/202320162823/cmacro_BCDB/paper_results/MD_FINAL1640_v2/oof_embeddings/oof_emb_FRPN_FP__nematic_order.npz
MD_FINAL1640_V2,FRPN_FP,4,nematic_order,1,6,0.814380582551791,0.20445310690975615,0.09922316280777028,0.20445310690975627,0.07746220374036263,/share/home/202320162823/cmacro_BCDB/results_MD_final1640_v2/MD_FINAL1640_V2/FRPN_FP/label4_nematic_order/fold_1/wd_0.0001_lr_0.0001_do_0.1_wogroup_False/metrics.json,/share/home/202320162823/cmacro_BCDB/results_MD_final1640_v2/MD_FINAL1640_V2/FRPN_FP/label4_nematic_order/fold_1/wd_0.0001_lr_0.0001_do_0.1_wogroup_False/checkpoints/checkpoint.pt,/share/home/202320162823/cmacro_BCDB/paper_results/MD_FINAL1640_v2/oof_predictions/oof_FRPN_FP__nematic_order.csv,/share/home/202320162823/cmacro_BCDB/paper_results/MD_FINAL1640_v2/oof_embeddings/oof_emb_FRPN_FP__nematic_order.npz
MD_FINAL1640_V2,FRPN_FP,4,nematic_order,2,7,0.9255410205639231,0.22813655131916377,0.10971721270041884,0.22813655131916388,0.07947415718146641,/share/home/202320162823/cmacro_BCDB/results_MD_final1640_v2/MD_FINAL1640_V2/FRPN_FP/label4_nematic_order/fold_2/wd_0.0001_lr_0.0001_do_0.1_wogroup_False/metrics.json,/share/home/202320162823/cmacro_BCDB/results_MD_final1640_v2/MD_FINAL1640_V2/FRPN_FP/label4_nematic_order/fold_2/wd_0.0001_lr_0.0001_do_0.1_wogroup_False/checkpoints/checkpoint.pt,/share/home/202320162823/cmacro_BCDB/paper_results/MD_FINAL1640_v2/oof_predictions/oof_FRPN_FP__nematic_order.csv,/share/home/202320162823/cmacro_BCDB/paper_results/MD_FINAL1640_v2/oof_embeddings/oof_emb_FRPN_FP__nematic_order.npz
MD_FINAL1640_V2,FRPN_FP,4,nematic_order,3,2,0.8828672515770755,0.2367372353513426,0.10561597463623558,0.23673723535134272,0.08078042069825883,/share/home/202320162823/cmacro_BCDB/results_MD_final1640_v2/MD_FINAL1640_V2/FRPN_FP/label4_nematic_order/fold_3/wd_0.0001_lr_0.0001_do_0.1_wogroup_False/metrics.json,/share/home/202320162823/cmacro_BCDB/results_MD_final1640_v2/MD_FINAL1640_V2/FRPN_FP/label4_nematic_order/fold_3/wd_0.0001_lr_0.0001_do_0.1_wogroup_False/checkpoints/checkpoint.pt,/share/home/202320162823/cmacro_BCDB/paper_results/MD_FINAL1640_v2/oof_predictions/oof_FRPN_FP__nematic_order.csv,/share/home/202320162823/cmacro_BCDB/paper_results/MD_FINAL1640_v2/oof_embeddings/oof_emb_FRPN_FP__nematic_order.npz
MD_FINAL1640_V2,FRPN_FP,4,nematic_order,4,8,0.9431096854999426,0.1883225657667721,0.11196409561007957,0.18832256576677164,0.08152346286087908,/share/home/202320162823/cmacro_BCDB/results_MD_final1640_v2/MD_FINAL1640_V2/FRPN_FP/label4_nematic_order/fold_4/wd_0.0001_lr_0.0001_do_0.1_wogroup_False/metrics.json,/share/home/202320162823/cmacro_BCDB/results_MD_final1640_v2/MD_FINAL1640_V2/FRPN_FP/label4_nematic_order/fold_4/wd_0.0001_lr_0.0001_do_0.1_wogroup_False/checkpoints/checkpoint.pt,/share/home/202320162823/cmacro_BCDB/paper_results/MD_FINAL1640_v2/oof_predictions/oof_FRPN_FP__nematic_order.csv,/share/home/202320162823/cmacro_BCDB/paper_results/MD_FINAL1640_v2/oof_embeddings/oof_emb_FRPN_FP__nematic_order.npz
MD_FINAL1640_V2,FRPN_FP,5,dielectric_constant,0,49,0.26216122986585294,0.890294914974986,0.11161257342992541,0.890294914974986,0.07191296661604994,/share/home/202320162823/cmacro_BCDB/results_MD_final1640_v2/MD_FINAL1640_V2/FRPN_FP/label5_dielectric_constant/fold_0/wd_0.0001_lr_0.0001_do_0.1_wogroup_False/metrics.json,/share/home/202320162823/cmacro_BCDB/results_MD_final1640_v2/MD_FINAL1640_V2/FRPN_FP/label5_dielectric_constant/fold_0/wd_0.0001_lr_0.0001_do_0.1_wogroup_False/checkpoints/checkpoint.pt,/share/home/202320162823/cmacro_BCDB/paper_results/MD_FINAL1640_v2/oof_predictions/oof_FRPN_FP__dielectric_constant.csv,/share/home/202320162823/cmacro_BCDB/paper_results/MD_FINAL1640_v2/oof_embeddings/oof_emb_FRPN_FP__dielectric_constant.npz
MD_FINAL1640_V2,FRPN_FP,5,dielectric_constant,1,12,0.2824116894450029,0.8667304556868344,0.12062407262595674,0.8667304556868343,0.0829871891301579,/share/home/202320162823/cmacro_BCDB/results_MD_final1640_v2/MD_FINAL1640_V2/FRPN_FP/label5_dielectric_constant/fold_1/wd_0.0001_lr_0.0001_do_0.1_wogroup_False/metrics.json,/share/home/202320162823/cmacro_BCDB/results_MD_final1640_v2/MD_FINAL1640_V2/FRPN_FP/label5_dielectric_constant/fold_1/wd_0.0001_lr_0.0001_do_0.1_wogroup_False/checkpoints/checkpoint.pt,/share/home/202320162823/cmacro_BCDB/paper_results/MD_FINAL1640_v2/oof_predictions/oof_FRPN_FP__dielectric_constant.csv,/share/home/202320162823/cmacro_BCDB/paper_results/MD_FINAL1640_v2/oof_embeddings/oof_emb_FRPN_FP__dielectric_constant.npz
MD_FINAL1640_V2,FRPN_FP,5,dielectric_constant,2,7,0.39848918584440857,0.8205880872523255,0.16512763081666193,0.8205880872523253,0.08753042282722555,/share/home/202320162823/cmacro_BCDB/results_MD_final1640_v2/MD_FINAL1640_V2/FRPN_FP/label5_dielectric_constant/fold_2/wd_0.0001_lr_0.0001_do_0.1_wogroup_False/metrics.json,/share/home/202320162823/cmacro_BCDB/results_MD_final1640_v2/MD_FINAL1640_V2/FRPN_FP/label5_dielectric_constant/fold_2/wd_0.0001_lr_0.0001_do_0.1_wogroup_False/checkpoints/checkpoint.pt,/share/home/202320162823/cmacro_BCDB/paper_results/MD_FINAL1640_v2/oof_predictions/oof_FRPN_FP__dielectric_constant.csv,/share/home/202320162823/cmacro_BCDB/paper_results/MD_FINAL1640_v2/oof_embeddings/oof_emb_FRPN_FP__dielectric_constant.npz
MD_FINAL1640_V2,FRPN_FP,5,dielectric_constant,3,50,0.3470066521509156,0.9051062045412748,0.13845014146078502,0.9051062045412748,0.07220490449504031,/share/home/202320162823/cmacro_BCDB/results_MD_final1640_v2/MD_FINAL1640_V2/FRPN_FP/label5_dielectric_constant/fold_3/wd_0.0001_lr_0.0001_do_0.1_wogroup_False/metrics.json,/share/home/202320162823/cmacro_BCDB/results_MD_final1640_v2/MD_FINAL1640_V2/FRPN_FP/label5_dielectric_constant/fold_3/wd_0.0001_lr_0.0001_do_0.1_wogroup_False/checkpoints/checkpoint.pt,/share/home/202320162823/cmacro_BCDB/paper_results/MD_FINAL1640_v2/oof_predictions/oof_FRPN_FP__dielectric_constant.csv,/share/home/202320162823/cmacro_BCDB/paper_results/MD_FINAL1640_v2/oof_embeddings/oof_emb_FRPN_FP__dielectric_constant.npz
MD_FINAL1640_V2,FRPN_FP,5,dielectric_constant,4,36,0.42878966261829093,0.8982461929871719,0.16283991003844253,0.8982461929871719,0.08727484553310737,/share/home/202320162823/cmacro_BCDB/results_MD_final1640_v2/MD_FINAL1640_V2/FRPN_FP/label5_dielectric_constant/fold_4/wd_0.0001_lr_0.0001_do_0.1_wogroup_False/metrics.json,/share/home/202320162823/cmacro_BCDB/results_MD_final1640_v2/MD_FINAL1640_V2/FRPN_FP/label5_dielectric_constant/fold_4/wd_0.0001_lr_0.0001_do_0.1_wogroup_False/checkpoints/checkpoint.pt,/share/home/202320162823/cmacro_BCDB/paper_results/MD_FINAL1640_v2/oof_predictions/oof_FRPN_FP__dielectric_constant.csv,/share/home/202320162823/cmacro_BCDB/paper_results/MD_FINAL1640_v2/oof_embeddings/oof_emb_FRPN_FP__dielectric_constant.npz
MD_FINAL1640_V2,FRPN_FP,6,refractive_index,0,28,0.05776721756358767,0.9966316080768302,0.0059712684109067115,0.9966316080768302,0.0037619839385845647,/share/home/202320162823/cmacro_BCDB/results_MD_final1640_v2/MD_FINAL1640_V2/FRPN_FP/label6_refractive_index/fold_0/wd_0.0001_lr_0.0001_do_0.1_wogroup_False/metrics.json,/share/home/202320162823/cmacro_BCDB/results_MD_final1640_v2/MD_FINAL1640_V2/FRPN_FP/label6_refractive_index/fold_0/wd_0.0001_lr_0.0001_do_0.1_wogroup_False/checkpoints/checkpoint.pt,/share/home/202320162823/cmacro_BCDB/paper_results/MD_FINAL1640_v2/oof_predictions/oof_FRPN_FP__refractive_index.csv,/share/home/202320162823/cmacro_BCDB/paper_results/MD_FINAL1640_v2/oof_embeddings/oof_emb_FRPN_FP__refractive_index.npz
MD_FINAL1640_V2,FRPN_FP,6,refractive_index,1,84,0.05112846104456138,0.9967969723624137,0.005380477994646806,0.9967969723624137,0.0036099054842093623,/share/home/202320162823/cmacro_BCDB/results_MD_final1640_v2/MD_FINAL1640_V2/FRPN_FP/label6_refractive_index/fold_1/wd_0.0001_lr_0.0001_do_0.1_wogroup_False/metrics.json,/share/home/202320162823/cmacro_BCDB/results_MD_final1640_v2/MD_FINAL1640_V2/FRPN_FP/label6_refractive_index/fold_1/wd_0.0001_lr_0.0001_do_0.1_wogroup_False/checkpoints/checkpoint.pt,/share/home/202320162823/cmacro_BCDB/paper_results/MD_FINAL1640_v2/oof_predictions/oof_FRPN_FP__refractive_index.csv,/share/home/202320162823/cmacro_BCDB/paper_results/MD_FINAL1640_v2/oof_embeddings/oof_emb_FRPN_FP__refractive_index.npz
MD_FINAL1640_V2,FRPN_FP,6,refractive_index,2,78,0.07611788700383805,0.9943907906754484,0.007835388850624108,0.9943907906754484,0.0047989292302857275,/share/home/202320162823/cmacro_BCDB/results_MD_final1640_v2/MD_FINAL1640_V2/FRPN_FP/label6_refractive_index/fold_2/wd_0.0001_lr_0.0001_do_0.1_wogroup_False/metrics.json,/share/home/202320162823/cmacro_BCDB/results_MD_final1640_v2/MD_FINAL1640_V2/FRPN_FP/label6_refractive_index/fold_2/wd_0.0001_lr_0.0001_do_0.1_wogroup_False/checkpoints/checkpoint.pt,/share/home/202320162823/cmacro_BCDB/paper_results/MD_FINAL1640_v2/oof_predictions/oof_FRPN_FP__refractive_index.csv,/share/home/202320162823/cmacro_BCDB/paper_results/MD_FINAL1640_v2/oof_embeddings/oof_emb_FRPN_FP__refractive_index.npz
MD_FINAL1640_V2,FRPN_FP,6,refractive_index,3,33,0.0633041856756559,0.9961157193473521,0.006517621245912203,0.996115719347352,0.004115931135272062,/share/home/202320162823/cmacro_BCDB/results_MD_final1640_v2/MD_FINAL1640_V2/FRPN_FP/label6_refractive_index/fold_3/wd_0.0001_lr_0.0001_do_0.1_wogroup_False/metrics.json,/share/home/202320162823/cmacro_BCDB/results_MD_final1640_v2/MD_FINAL1640_V2/FRPN_FP/label6_refractive_index/fold_3/wd_0.0001_lr_0.0001_do_0.1_wogroup_False/checkpoints/checkpoint.pt,/share/home/202320162823/cmacro_BCDB/paper_results/MD_FINAL1640_v2/oof_predictions/oof_FRPN_FP__refractive_index.csv,/share/home/202320162823/cmacro_BCDB/paper_results/MD_FINAL1640_v2/oof_embeddings/oof_emb_FRPN_FP__refractive_index.npz
MD_FINAL1640_V2,FRPN_FP,6,refractive_index,4,62,0.08837254612783793,0.993115333821142,0.00900324003254188,0.993115333821142,0.0049369542719625405,/share/home/202320162823/cmacro_BCDB/results_MD_final1640_v2/MD_FINAL1640_V2/FRPN_FP/label6_refractive_index/fold_4/wd_0.0001_lr_0.0001_do_0.1_wogroup_False/metrics.json,/share/home/202320162823/cmacro_BCDB/results_MD_final1640_v2/MD_FINAL1640_V2/FRPN_FP/label6_refractive_index/fold_4/wd_0.0001_lr_0.0001_do_0.1_wogroup_False/checkpoints/checkpoint.pt,/share/home/202320162823/cmacro_BCDB/paper_results/MD_FINAL1640_v2/oof_predictions/oof_FRPN_FP__refractive_index.csv,/share/home/202320162823/cmacro_BCDB/paper_results/MD_FINAL1640_v2/oof_embeddings/oof_emb_FRPN_FP__refractive_index.npz
MD_FINAL1640_V2,Uni_Macro,0,density,0,80,0.0911690962317406,0.9924332000882583,0.015505911140659015,0.9924332000882584,0.009991758794891652,/share/home/202320162823/cmacro_BCDB/results_MD_final1640_v2/MD_FINAL1640_V2/Uni_Macro/label0_density/fold_0/wd_0.0001_lr_0.0001_do_0.1_wogroup_False/metrics.json,/share/home/202320162823/cmacro_BCDB/results_MD_final1640_v2/MD_FINAL1640_V2/Uni_Macro/label0_density/fold_0/wd_0.0001_lr_0.0001_do_0.1_wogroup_False/checkpoints/checkpoint.pt,/share/home/202320162823/cmacro_BCDB/paper_results/MD_FINAL1640_v2/oof_predictions/oof_Uni_Macro__density.csv,/share/home/202320162823/cmacro_BCDB/paper_results/MD_FINAL1640_v2/oof_embeddings/oof_emb_Uni_Macro__density.npz
MD_FINAL1640_V2,Uni_Macro,0,density,1,76,0.19531181685524096,0.9576394878700492,0.03387516374240478,0.9576394878700492,0.019951871312572363,/share/home/202320162823/cmacro_BCDB/results_MD_final1640_v2/MD_FINAL1640_V2/Uni_Macro/label0_density/fold_1/wd_0.0001_lr_0.0001_do_0.1_wogroup_False/metrics.json,/share/home/202320162823/cmacro_BCDB/results_MD_final1640_v2/MD_FINAL1640_V2/Uni_Macro/label0_density/fold_1/wd_0.0001_lr_0.0001_do_0.1_wogroup_False/checkpoints/checkpoint.pt,/share/home/202320162823/cmacro_BCDB/paper_results/MD_FINAL1640_v2/oof_predictions/oof_Uni_Macro__density.csv,/share/home/202320162823/cmacro_BCDB/paper_results/MD_FINAL1640_v2/oof_embeddings/oof_emb_Uni_Macro__density.npz
MD_FINAL1640_V2,Uni_Macro,0,density,2,28,0.19853023624090646,0.9620654776866393,0.03395772765882297,0.9620654776866393,0.019751247374737973,/share/home/202320162823/cmacro_BCDB/results_MD_final1640_v2/MD_FINAL1640_V2/Uni_Macro/label0_density/fold_2/wd_0.0001_lr_0.0001_do_0.1_wogroup_False/metrics.json,/share/home/202320162823/cmacro_BCDB/results_MD_final1640_v2/MD_FINAL1640_V2/Uni_Macro/label0_density/fold_2/wd_0.0001_lr_0.0001_do_0.1_wogroup_False/checkpoints/checkpoint.pt,/share/home/202320162823/cmacro_BCDB/paper_results/MD_FINAL1640_v2/oof_predictions/oof_Uni_Macro__density.csv,/share/home/202320162823/cmacro_BCDB/paper_results/MD_FINAL1640_v2/oof_embeddings/oof_emb_Uni_Macro__density.npz
MD_FINAL1640_V2,Uni_Macro,0,density,3,49,0.18092930808490684,0.9663616479893332,0.031156617935856636,0.9663616479893332,0.019643792842282147,/share/home/202320162823/cmacro_BCDB/results_MD_final1640_v2/MD_FINAL1640_V2/Uni_Macro/label0_density/fold_3/wd_0.0001_lr_0.0001_do_0.1_wogroup_False/metrics.json,/share/home/202320162823/cmacro_BCDB/results_MD_final1640_v2/MD_FINAL1640_V2/Uni_Macro/label0_density/fold_3/wd_0.0001_lr_0.0001_do_0.1_wogroup_False/checkpoints/checkpoint.pt,/share/home/202320162823/cmacro_BCDB/paper_results/MD_FINAL1640_v2/oof_predictions/oof_Uni_Macro__density.csv,/share/home/202320162823/cmacro_BCDB/paper_results/MD_FINAL1640_v2/oof_embeddings/oof_emb_Uni_Macro__density.npz
MD_FINAL1640_V2,Uni_Macro,0,density,4,32,0.1950214045361152,0.9615674822954884,0.033529086176646516,0.9615674822954884,0.020604732026228367,/share/home/202320162823/cmacro_BCDB/results_MD_final1640_v2/MD_FINAL1640_V2/Uni_Macro/label0_density/fold_4/wd_0.0001_lr_0.0001_do_0.1_wogroup_False/metrics.json,/share/home/202320162823/cmacro_BCDB/results_MD_final1640_v2/MD_FINAL1640_V2/Uni_Macro/label0_density/fold_4/wd_0.0001_lr_0.0001_do_0.1_wogroup_False/checkpoints/checkpoint.pt,/share/home/202320162823/cmacro_BCDB/paper_results/MD_FINAL1640_v2/oof_predictions/oof_Uni_Macro__density.csv,/share/home/202320162823/cmacro_BCDB/paper_results/MD_FINAL1640_v2/oof_embeddings/oof_emb_Uni_Macro__density.npz
MD_FINAL1640_V2,Uni_Macro,1,Rg,0,22,0.2932669463197818,0.9178692861436417,1.6142672525665414,0.9178692861436417,1.2330592821442297,/share/home/202320162823/cmacro_BCDB/results_MD_final1640_v2/MD_FINAL1640_V2/Uni_Macro/label1_Rg/fold_0/wd_0.0001_lr_0.0001_do_0.1_wogroup_False/metrics.json,/share/home/202320162823/cmacro_BCDB/results_MD_final1640_v2/MD_FINAL1640_V2/Uni_Macro/label1_Rg/fold_0/wd_0.0001_lr_0.0001_do_0.1_wogroup_False/checkpoints/checkpoint.pt,/share/home/202320162823/cmacro_BCDB/paper_results/MD_FINAL1640_v2/oof_predictions/oof_Uni_Macro__Rg.csv,/share/home/202320162823/cmacro_BCDB/paper_results/MD_FINAL1640_v2/oof_embeddings/oof_emb_Uni_Macro__Rg.npz
MD_FINAL1640_V2,Uni_Macro,1,Rg,1,19,0.27890100227253645,0.9185776541345307,1.5495183880706136,0.9185776541345306,1.2407499086236706,/share/home/202320162823/cmacro_BCDB/results_MD_final1640_v2/MD_FINAL1640_V2/Uni_Macro/label1_Rg/fold_1/wd_0.0001_lr_0.0001_do_0.1_wogroup_False/metrics.json,/share/home/202320162823/cmacro_BCDB/results_MD_final1640_v2/MD_FINAL1640_V2/Uni_Macro/label1_Rg/fold_1/wd_0.0001_lr_0.0001_do_0.1_wogroup_False/checkpoints/checkpoint.pt,/share/home/202320162823/cmacro_BCDB/paper_results/MD_FINAL1640_v2/oof_predictions/oof_Uni_Macro__Rg.csv,/share/home/202320162823/cmacro_BCDB/paper_results/MD_FINAL1640_v2/oof_embeddings/oof_emb_Uni_Macro__Rg.npz
MD_FINAL1640_V2,Uni_Macro,1,Rg,2,18,0.3364801530967724,0.8841256122721103,1.865418369936353,0.8841256122721103,1.3231533872776284,/share/home/202320162823/cmacro_BCDB/results_MD_final1640_v2/MD_FINAL1640_V2/Uni_Macro/label1_Rg/fold_2/wd_0.0001_lr_0.0001_do_0.1_wogroup_False/metrics.json,/share/home/202320162823/cmacro_BCDB/results_MD_final1640_v2/MD_FINAL1640_V2/Uni_Macro/label1_Rg/fold_2/wd_0.0001_lr_0.0001_do_0.1_wogroup_False/checkpoints/checkpoint.pt,/share/home/202320162823/cmacro_BCDB/paper_results/MD_FINAL1640_v2/oof_predictions/oof_Uni_Macro__Rg.csv,/share/home/202320162823/cmacro_BCDB/paper_results/MD_FINAL1640_v2/oof_embeddings/oof_emb_Uni_Macro__Rg.npz
MD_FINAL1640_V2,Uni_Macro,1,Rg,3,24,0.2751229473455604,0.9214749637880159,1.526937889753715,0.9214749637880159,1.153174033113589,/share/home/202320162823/cmacro_BCDB/results_MD_final1640_v2/MD_FINAL1640_V2/Uni_Macro/label1_Rg/fold_3/wd_0.0001_lr_0.0001_do_0.1_wogroup_False/metrics.json,/share/home/202320162823/cmacro_BCDB/results_MD_final1640_v2/MD_FINAL1640_V2/Uni_Macro/label1_Rg/fold_3/wd_0.0001_lr_0.0001_do_0.1_wogroup_False/checkpoints/checkpoint.pt,/share/home/202320162823/cmacro_BCDB/paper_results/MD_FINAL1640_v2/oof_predictions/oof_Uni_Macro__Rg.csv,/share/home/202320162823/cmacro_BCDB/paper_results/MD_FINAL1640_v2/oof_embeddings/oof_emb_Uni_Macro__Rg.npz
MD_FINAL1640_V2,Uni_Macro,1,Rg,4,42,0.27190408188514326,0.9299091195582135,1.495674641589226,0.9299091195582134,1.176630405280692,/share/home/202320162823/cmacro_BCDB/results_MD_final1640_v2/MD_FINAL1640_V2/Uni_Macro/label1_Rg/fold_4/wd_0.0001_lr_0.0001_do_0.1_wogroup_False/metrics.json,/share/home/202320162823/cmacro_BCDB/results_MD_final1640_v2/MD_FINAL1640_V2/Uni_Macro/label1_Rg/fold_4/wd_0.0001_lr_0.0001_do_0.1_wogroup_False/checkpoints/checkpoint.pt,/share/home/202320162823/cmacro_BCDB/paper_results/MD_FINAL1640_v2/oof_predictions/oof_Uni_Macro__Rg.csv,/share/home/202320162823/cmacro_BCDB/paper_results/MD_FINAL1640_v2/oof_embeddings/oof_emb_Uni_Macro__Rg.npz
MD_FINAL1640_V2,Uni_Macro,2,D,0,22,0.28014102681509023,0.9204669312871241,7.730570569498572e-09,0.0,1.5216253968306722e-09,/share/home/202320162823/cmacro_BCDB/results_MD_final1640_v2/MD_FINAL1640_V2/Uni_Macro/label2_D/fold_0/wd_0.0001_lr_0.0001_do_0.1_wogroup_False/metrics.json,/share/home/202320162823/cmacro_BCDB/results_MD_final1640_v2/MD_FINAL1640_V2/Uni_Macro/label2_D/fold_0/wd_0.0001_lr_0.0001_do_0.1_wogroup_False/checkpoints/checkpoint.pt,/share/home/202320162823/cmacro_BCDB/paper_results/MD_FINAL1640_v2/oof_predictions/oof_Uni_Macro__D.csv,/share/home/202320162823/cmacro_BCDB/paper_results/MD_FINAL1640_v2/oof_embeddings/oof_emb_Uni_Macro__D.npz
MD_FINAL1640_V2,Uni_Macro,2,D,1,16,0.26407570938701186,0.9285745056620994,2.2005249014538656e-08,0.0,2.808764691947363e-09,/share/home/202320162823/cmacro_BCDB/results_MD_final1640_v2/MD_FINAL1640_V2/Uni_Macro/label2_D/fold_1/wd_0.0001_lr_0.0001_do_0.1_wogroup_False/metrics.json,/share/home/202320162823/cmacro_BCDB/results_MD_final1640_v2/MD_FINAL1640_V2/Uni_Macro/label2_D/fold_1/wd_0.0001_lr_0.0001_do_0.1_wogroup_False/checkpoints/checkpoint.pt,/share/home/202320162823/cmacro_BCDB/paper_results/MD_FINAL1640_v2/oof_predictions/oof_Uni_Macro__D.csv,/share/home/202320162823/cmacro_BCDB/paper_results/MD_FINAL1640_v2/oof_embeddings/oof_emb_Uni_Macro__D.npz
MD_FINAL1640_V2,Uni_Macro,2,D,2,21,0.21936619473249727,0.9503233328577588,9.008079311496852e-09,0.0,1.2051164852254165e-09,/share/home/202320162823/cmacro_BCDB/results_MD_final1640_v2/MD_FINAL1640_V2/Uni_Macro/label2_D/fold_2/wd_0.0001_lr_0.0001_do_0.1_wogroup_False/metrics.json,/share/home/202320162823/cmacro_BCDB/results_MD_final1640_v2/MD_FINAL1640_V2/Uni_Macro/label2_D/fold_2/wd_0.0001_lr_0.0001_do_0.1_wogroup_False/checkpoints/checkpoint.pt,/share/home/202320162823/cmacro_BCDB/paper_results/MD_FINAL1640_v2/oof_predictions/oof_Uni_Macro__D.csv,/share/home/202320162823/cmacro_BCDB/paper_results/MD_FINAL1640_v2/oof_embeddings/oof_emb_Uni_Macro__D.npz
MD_FINAL1640_V2,Uni_Macro,2,D,3,16,0.27642727714654924,0.9253538465008475,1.0149570573723177e-08,0.0,1.805725653951684e-09,/share/home/202320162823/cmacro_BCDB/results_MD_final1640_v2/MD_FINAL1640_V2/Uni_Macro/label2_D/fold_3/wd_0.0001_lr_0.0001_do_0.1_wogroup_False/metrics.json,/share/home/202320162823/cmacro_BCDB/results_MD_final1640_v2/MD_FINAL1640_V2/Uni_Macro/label2_D/fold_3/wd_0.0001_lr_0.0001_do_0.1_wogroup_False/checkpoints/checkpoint.pt,/share/home/202320162823/cmacro_BCDB/paper_results/MD_FINAL1640_v2/oof_predictions/oof_Uni_Macro__D.csv,/share/home/202320162823/cmacro_BCDB/paper_results/MD_FINAL1640_v2/oof_embeddings/oof_emb_Uni_Macro__D.npz
MD_FINAL1640_V2,Uni_Macro,2,D,4,84,0.27734567883462913,0.9263432988685679,1.628725203876508e-08,0.0,2.634554074520537e-09,/share/home/202320162823/cmacro_BCDB/results_MD_final1640_v2/MD_FINAL1640_V2/Uni_Macro/label2_D/fold_4/wd_0.0001_lr_0.0001_do_0.1_wogroup_False/metrics.json,/share/home/202320162823/cmacro_BCDB/results_MD_final1640_v2/MD_FINAL1640_V2/Uni_Macro/label2_D/fold_4/wd_0.0001_lr_0.0001_do_0.1_wogroup_False/checkpoints/checkpoint.pt,/share/home/202320162823/cmacro_BCDB/paper_results/MD_FINAL1640_v2/oof_predictions/oof_Uni_Macro__D.csv,/share/home/202320162823/cmacro_BCDB/paper_results/MD_FINAL1640_v2/oof_embeddings/oof_emb_Uni_Macro__D.npz
MD_FINAL1640_V2,Uni_Macro,3,S_q_peak,0,37,0.823753113549227,0.1703577273379504,0.5502267182230115,0.17035772733795018,0.43519499875380036,/share/home/202320162823/cmacro_BCDB/results_MD_final1640_v2/MD_FINAL1640_V2/Uni_Macro/label3_S_q_peak/fold_0/wd_0.0001_lr_0.0001_do_0.1_wogroup_False/metrics.json,/share/home/202320162823/cmacro_BCDB/results_MD_final1640_v2/MD_FINAL1640_V2/Uni_Macro/label3_S_q_peak/fold_0/wd_0.0001_lr_0.0001_do_0.1_wogroup_False/checkpoints/checkpoint.pt,/share/home/202320162823/cmacro_BCDB/paper_results/MD_FINAL1640_v2/oof_predictions/oof_Uni_Macro__S_q_peak.csv,/share/home/202320162823/cmacro_BCDB/paper_results/MD_FINAL1640_v2/oof_embeddings/oof_emb_Uni_Macro__S_q_peak.npz
MD_FINAL1640_V2,Uni_Macro,3,S_q_peak,1,80,1.0237313480347316,0.21500800028102673,0.6512991532086031,0.21500800028102662,0.5125620712003799,/share/home/202320162823/cmacro_BCDB/results_MD_final1640_v2/MD_FINAL1640_V2/Uni_Macro/label3_S_q_peak/fold_1/wd_0.0001_lr_0.0001_do_0.1_wogroup_False/metrics.json,/share/home/202320162823/cmacro_BCDB/results_MD_final1640_v2/MD_FINAL1640_V2/Uni_Macro/label3_S_q_peak/fold_1/wd_0.0001_lr_0.0001_do_0.1_wogroup_False/checkpoints/checkpoint.pt,/share/home/202320162823/cmacro_BCDB/paper_results/MD_FINAL1640_v2/oof_predictions/oof_Uni_Macro__S_q_peak.csv,/share/home/202320162823/cmacro_BCDB/paper_results/MD_FINAL1640_v2/oof_embeddings/oof_emb_Uni_Macro__S_q_peak.npz
MD_FINAL1640_V2,Uni_Macro,3,S_q_peak,2,12,0.8937313835209245,0.1748736048904398,0.5891940916972367,0.17487360489043968,0.46653421727521593,/share/home/202320162823/cmacro_BCDB/results_MD_final1640_v2/MD_FINAL1640_V2/Uni_Macro/label3_S_q_peak/fold_2/wd_0.0001_lr_0.0001_do_0.1_wogroup_False/metrics.json,/share/home/202320162823/cmacro_BCDB/results_MD_final1640_v2/MD_FINAL1640_V2/Uni_Macro/label3_S_q_peak/fold_2/wd_0.0001_lr_0.0001_do_0.1_wogroup_False/checkpoints/checkpoint.pt,/share/home/202320162823/cmacro_BCDB/paper_results/MD_FINAL1640_v2/oof_predictions/oof_Uni_Macro__S_q_peak.csv,/share/home/202320162823/cmacro_BCDB/paper_results/MD_FINAL1640_v2/oof_embeddings/oof_emb_Uni_Macro__S_q_peak.npz
MD_FINAL1640_V2,Uni_Macro,3,S_q_peak,3,34,0.8370890746570167,0.23351415149893173,0.5548788513477496,0.2335141514989315,0.4298126548415513,/share/home/202320162823/cmacro_BCDB/results_MD_final1640_v2/MD_FINAL1640_V2/Uni_Macro/label3_S_q_peak/fold_3/wd_0.0001_lr_0.0001_do_0.1_wogroup_False/metrics.json,/share/home/202320162823/cmacro_BCDB/results_MD_final1640_v2/MD_FINAL1640_V2/Uni_Macro/label3_S_q_peak/fold_3/wd_0.0001_lr_0.0001_do_0.1_wogroup_False/checkpoints/checkpoint.pt,/share/home/202320162823/cmacro_BCDB/paper_results/MD_FINAL1640_v2/oof_predictions/oof_Uni_Macro__S_q_peak.csv,/share/home/202320162823/cmacro_BCDB/paper_results/MD_FINAL1640_v2/oof_embeddings/oof_emb_Uni_Macro__S_q_peak.npz
MD_FINAL1640_V2,Uni_Macro,3,S_q_peak,4,1,0.9006771121095098,0.15976906603754326,0.5932103678298818,0.15976906603754326,0.47895078077323827,/share/home/202320162823/cmacro_BCDB/results_MD_final1640_v2/MD_FINAL1640_V2/Uni_Macro/label3_S_q_peak/fold_4/wd_0.0001_lr_0.0001_do_0.1_wogroup_False/metrics.json,/share/home/202320162823/cmacro_BCDB/results_MD_final1640_v2/MD_FINAL1640_V2/Uni_Macro/label3_S_q_peak/fold_4/wd_0.0001_lr_0.0001_do_0.1_wogroup_False/checkpoints/checkpoint.pt,/share/home/202320162823/cmacro_BCDB/paper_results/MD_FINAL1640_v2/oof_predictions/oof_Uni_Macro__S_q_peak.csv,/share/home/202320162823/cmacro_BCDB/paper_results/MD_FINAL1640_v2/oof_embeddings/oof_emb_Uni_Macro__S_q_peak.npz
MD_FINAL1640_V2,Uni_Macro,4,nematic_order,0,7,0.835646948744704,0.2566109974596006,0.10078894543703958,0.2566109974596007,0.07825841605955183,/share/home/202320162823/cmacro_BCDB/results_MD_final1640_v2/MD_FINAL1640_V2/Uni_Macro/label4_nematic_order/fold_0/wd_0.0001_lr_0.0001_do_0.1_wogroup_False/metrics.json,/share/home/202320162823/cmacro_BCDB/results_MD_final1640_v2/MD_FINAL1640_V2/Uni_Macro/label4_nematic_order/fold_0/wd_0.0001_lr_0.0001_do_0.1_wogroup_False/checkpoints/checkpoint.pt,/share/home/202320162823/cmacro_BCDB/paper_results/MD_FINAL1640_v2/oof_predictions/oof_Uni_Macro__nematic_order.csv,/share/home/202320162823/cmacro_BCDB/paper_results/MD_FINAL1640_v2/oof_embeddings/oof_emb_Uni_Macro__nematic_order.npz
MD_FINAL1640_V2,Uni_Macro,4,nematic_order,1,2,0.8069534225872076,0.2188977306276877,0.0983182464601137,0.2188977306276877,0.07770096432074126,/share/home/202320162823/cmacro_BCDB/results_MD_final1640_v2/MD_FINAL1640_V2/Uni_Macro/label4_nematic_order/fold_1/wd_0.0001_lr_0.0001_do_0.1_wogroup_False/metrics.json,/share/home/202320162823/cmacro_BCDB/results_MD_final1640_v2/MD_FINAL1640_V2/Uni_Macro/label4_nematic_order/fold_1/wd_0.0001_lr_0.0001_do_0.1_wogroup_False/checkpoints/checkpoint.pt,/share/home/202320162823/cmacro_BCDB/paper_results/MD_FINAL1640_v2/oof_predictions/oof_Uni_Macro__nematic_order.csv,/share/home/202320162823/cmacro_BCDB/paper_results/MD_FINAL1640_v2/oof_embeddings/oof_emb_Uni_Macro__nematic_order.npz
MD_FINAL1640_V2,Uni_Macro,4,nematic_order,2,42,0.9185527014550509,0.23974849309351087,0.10888879032145249,0.23974849309351076,0.08035066617277886,/share/home/202320162823/cmacro_BCDB/results_MD_final1640_v2/MD_FINAL1640_V2/Uni_Macro/label4_nematic_order/fold_2/wd_0.0001_lr_0.0001_do_0.1_wogroup_False/metrics.json,/share/home/202320162823/cmacro_BCDB/results_MD_final1640_v2/MD_FINAL1640_V2/Uni_Macro/label4_nematic_order/fold_2/wd_0.0001_lr_0.0001_do_0.1_wogroup_False/checkpoints/checkpoint.pt,/share/home/202320162823/cmacro_BCDB/paper_results/MD_FINAL1640_v2/oof_predictions/oof_Uni_Macro__nematic_order.csv,/share/home/202320162823/cmacro_BCDB/paper_results/MD_FINAL1640_v2/oof_embeddings/oof_emb_Uni_Macro__nematic_order.npz
MD_FINAL1640_V2,Uni_Macro,4,nematic_order,3,6,0.8894598331327593,0.22529574374978278,0.10640463445471751,0.2252957437497829,0.08201209889994561,/share/home/202320162823/cmacro_BCDB/results_MD_final1640_v2/MD_FINAL1640_V2/Uni_Macro/label4_nematic_order/fold_3/wd_0.0001_lr_0.0001_do_0.1_wogroup_False/metrics.json,/share/home/202320162823/cmacro_BCDB/results_MD_final1640_v2/MD_FINAL1640_V2/Uni_Macro/label4_nematic_order/fold_3/wd_0.0001_lr_0.0001_do_0.1_wogroup_False/checkpoints/checkpoint.pt,/share/home/202320162823/cmacro_BCDB/paper_results/MD_FINAL1640_v2/oof_predictions/oof_Uni_Macro__nematic_order.csv,/share/home/202320162823/cmacro_BCDB/paper_results/MD_FINAL1640_v2/oof_embeddings/oof_emb_Uni_Macro__nematic_order.npz
MD_FINAL1640_V2,Uni_Macro,4,nematic_order,4,13,0.9357590425431865,0.20092576577808174,0.11109144197979738,0.20092576577808163,0.08145319579622264,/share/home/202320162823/cmacro_BCDB/results_MD_final1640_v2/MD_FINAL1640_V2/Uni_Macro/label4_nematic_order/fold_4/wd_0.0001_lr_0.0001_do_0.1_wogroup_False/metrics.json,/share/home/202320162823/cmacro_BCDB/results_MD_final1640_v2/MD_FINAL1640_V2/Uni_Macro/label4_nematic_order/fold_4/wd_0.0001_lr_0.0001_do_0.1_wogroup_False/checkpoints/checkpoint.pt,/share/home/202320162823/cmacro_BCDB/paper_results/MD_FINAL1640_v2/oof_predictions/oof_Uni_Macro__nematic_order.csv,/share/home/202320162823/cmacro_BCDB/paper_results/MD_FINAL1640_v2/oof_embeddings/oof_emb_Uni_Macro__nematic_order.npz
MD_FINAL1640_V2,Uni_Macro,5,dielectric_constant,0,56,0.30705993776381985,0.8495001240551637,0.13072775813795734,0.8495001240551636,0.07785684958923414,/share/home/202320162823/cmacro_BCDB/results_MD_final1640_v2/MD_FINAL1640_V2/Uni_Macro/label5_dielectric_constant/fold_0/wd_0.0001_lr_0.0001_do_0.1_wogroup_False/metrics.json,/share/home/202320162823/cmacro_BCDB/results_MD_final1640_v2/MD_FINAL1640_V2/Uni_Macro/label5_dielectric_constant/fold_0/wd_0.0001_lr_0.0001_do_0.1_wogroup_False/checkpoints/checkpoint.pt,/share/home/202320162823/cmacro_BCDB/paper_results/MD_FINAL1640_v2/oof_predictions/oof_Uni_Macro__dielectric_constant.csv,/share/home/202320162823/cmacro_BCDB/paper_results/MD_FINAL1640_v2/oof_embeddings/oof_emb_Uni_Macro__dielectric_constant.npz
MD_FINAL1640_V2,Uni_Macro,5,dielectric_constant,1,23,0.3420940385589164,0.8044505552102713,0.14611568038536704,0.8044505552102713,0.0929208324649944,/share/home/202320162823/cmacro_BCDB/results_MD_final1640_v2/MD_FINAL1640_V2/Uni_Macro/label5_dielectric_constant/fold_1/wd_0.0001_lr_0.0001_do_0.1_wogroup_False/metrics.json,/share/home/202320162823/cmacro_BCDB/results_MD_final1640_v2/MD_FINAL1640_V2/Uni_Macro/label5_dielectric_constant/fold_1/wd_0.0001_lr_0.0001_do_0.1_wogroup_False/checkpoints/checkpoint.pt,/share/home/202320162823/cmacro_BCDB/paper_results/MD_FINAL1640_v2/oof_predictions/oof_Uni_Macro__dielectric_constant.csv,/share/home/202320162823/cmacro_BCDB/paper_results/MD_FINAL1640_v2/oof_embeddings/oof_emb_Uni_Macro__dielectric_constant.npz
MD_FINAL1640_V2,Uni_Macro,5,dielectric_constant,2,23,0.41036833575071174,0.8097319434499055,0.17005016309564255,0.8097319434499056,0.0880229270382672,/share/home/202320162823/cmacro_BCDB/results_MD_final1640_v2/MD_FINAL1640_V2/Uni_Macro/label5_dielectric_constant/fold_2/wd_0.0001_lr_0.0001_do_0.1_wogroup_False/metrics.json,/share/home/202320162823/cmacro_BCDB/results_MD_final1640_v2/MD_FINAL1640_V2/Uni_Macro/label5_dielectric_constant/fold_2/wd_0.0001_lr_0.0001_do_0.1_wogroup_False/checkpoints/checkpoint.pt,/share/home/202320162823/cmacro_BCDB/paper_results/MD_FINAL1640_v2/oof_predictions/oof_Uni_Macro__dielectric_constant.csv,/share/home/202320162823/cmacro_BCDB/paper_results/MD_FINAL1640_v2/oof_embeddings/oof_emb_Uni_Macro__dielectric_constant.npz
MD_FINAL1640_V2,Uni_Macro,5,dielectric_constant,3,75,0.37655031510284703,0.8882601079478164,0.1502375936309692,0.8882601079478164,0.07935679269344255,/share/home/202320162823/cmacro_BCDB/results_MD_final1640_v2/MD_FINAL1640_V2/Uni_Macro/label5_dielectric_constant/fold_3/wd_0.0001_lr_0.0001_do_0.1_wogroup_False/metrics.json,/share/home/202320162823/cmacro_BCDB/results_MD_final1640_v2/MD_FINAL1640_V2/Uni_Macro/label5_dielectric_constant/fold_3/wd_0.0001_lr_0.0001_do_0.1_wogroup_False/checkpoints/checkpoint.pt,/share/home/202320162823/cmacro_BCDB/paper_results/MD_FINAL1640_v2/oof_predictions/oof_Uni_Macro__dielectric_constant.csv,/share/home/202320162823/cmacro_BCDB/paper_results/MD_FINAL1640_v2/oof_embeddings/oof_emb_Uni_Macro__dielectric_constant.npz
MD_FINAL1640_V2,Uni_Macro,5,dielectric_constant,4,16,0.44022831728419376,0.8927448874704951,0.16718392683535535,0.8927448874704951,0.09299954816050246,/share/home/202320162823/cmacro_BCDB/results_MD_final1640_v2/MD_FINAL1640_V2/Uni_Macro/label5_dielectric_constant/fold_4/wd_0.0001_lr_0.0001_do_0.1_wogroup_False/metrics.json,/share/home/202320162823/cmacro_BCDB/results_MD_final1640_v2/MD_FINAL1640_V2/Uni_Macro/label5_dielectric_constant/fold_4/wd_0.0001_lr_0.0001_do_0.1_wogroup_False/checkpoints/checkpoint.pt,/share/home/202320162823/cmacro_BCDB/paper_results/MD_FINAL1640_v2/oof_predictions/oof_Uni_Macro__dielectric_constant.csv,/share/home/202320162823/cmacro_BCDB/paper_results/MD_FINAL1640_v2/oof_embeddings/oof_emb_Uni_Macro__dielectric_constant.npz
MD_FINAL1640_V2,Uni_Macro,6,refractive_index,0,33,0.14423819317301753,0.9789999530859496,0.014909580257907248,0.9789999530859496,0.009291784682152405,/share/home/202320162823/cmacro_BCDB/results_MD_final1640_v2/MD_FINAL1640_V2/Uni_Macro/label6_refractive_index/fold_0/wd_0.0001_lr_0.0001_do_0.1_wogroup_False/metrics.json,/share/home/202320162823/cmacro_BCDB/results_MD_final1640_v2/MD_FINAL1640_V2/Uni_Macro/label6_refractive_index/fold_0/wd_0.0001_lr_0.0001_do_0.1_wogroup_False/checkpoints/checkpoint.pt,/share/home/202320162823/cmacro_BCDB/paper_results/MD_FINAL1640_v2/oof_predictions/oof_Uni_Macro__refractive_index.csv,/share/home/202320162823/cmacro_BCDB/paper_results/MD_FINAL1640_v2/oof_embeddings/oof_emb_Uni_Macro__refractive_index.npz
MD_FINAL1640_V2,Uni_Macro,6,refractive_index,1,90,0.06918841980406586,0.994134540124285,0.007281008710896066,0.994134540124285,0.004451985388280296,/share/home/202320162823/cmacro_BCDB/results_MD_final1640_v2/MD_FINAL1640_V2/Uni_Macro/label6_refractive_index/fold_1/wd_0.0001_lr_0.0001_do_0.1_wogroup_False/metrics.json,/share/home/202320162823/cmacro_BCDB/results_MD_final1640_v2/MD_FINAL1640_V2/Uni_Macro/label6_refractive_index/fold_1/wd_0.0001_lr_0.0001_do_0.1_wogroup_False/checkpoints/checkpoint.pt,/share/home/202320162823/cmacro_BCDB/paper_results/MD_FINAL1640_v2/oof_predictions/oof_Uni_Macro__refractive_index.csv,/share/home/202320162823/cmacro_BCDB/paper_results/MD_FINAL1640_v2/oof_embeddings/oof_emb_Uni_Macro__refractive_index.npz
MD_FINAL1640_V2,Uni_Macro,6,refractive_index,2,82,0.08569884795602466,0.9928898597584269,0.00882162950414149,0.9928898597584269,0.005078237708084754,/share/home/202320162823/cmacro_BCDB/results_MD_final1640_v2/MD_FINAL1640_V2/Uni_Macro/label6_refractive_index/fold_2/wd_0.0001_lr_0.0001_do_0.1_wogroup_False/metrics.json,/share/home/202320162823/cmacro_BCDB/results_MD_final1640_v2/MD_FINAL1640_V2/Uni_Macro/label6_refractive_index/fold_2/wd_0.0001_lr_0.0001_do_0.1_wogroup_False/checkpoints/checkpoint.pt,/share/home/202320162823/cmacro_BCDB/paper_results/MD_FINAL1640_v2/oof_predictions/oof_Uni_Macro__refractive_index.csv,/share/home/202320162823/cmacro_BCDB/paper_results/MD_FINAL1640_v2/oof_embeddings/oof_emb_Uni_Macro__refractive_index.npz
MD_FINAL1640_V2,Uni_Macro,6,refractive_index,3,81,0.08362857996689897,0.9932211629660798,0.00861016382629711,0.9932211629660798,0.005856885713983719,/share/home/202320162823/cmacro_BCDB/results_MD_final1640_v2/MD_FINAL1640_V2/Uni_Macro/label6_refractive_index/fold_3/wd_0.0001_lr_0.0001_do_0.1_wogroup_False/metrics.json,/share/home/202320162823/cmacro_BCDB/results_MD_final1640_v2/MD_FINAL1640_V2/Uni_Macro/label6_refractive_index/fold_3/wd_0.0001_lr_0.0001_do_0.1_wogroup_False/checkpoints/checkpoint.pt,/share/home/202320162823/cmacro_BCDB/paper_results/MD_FINAL1640_v2/oof_predictions/oof_Uni_Macro__refractive_index.csv,/share/home/202320162823/cmacro_BCDB/paper_results/MD_FINAL1640_v2/oof_embeddings/oof_emb_Uni_Macro__refractive_index.npz
MD_FINAL1640_V2,Uni_Macro,6,refractive_index,4,76,0.1080149263523834,0.9897147299409859,0.011004371285637332,0.9897147299409859,0.006632453882344133,/share/home/202320162823/cmacro_BCDB/results_MD_final1640_v2/MD_FINAL1640_V2/Uni_Macro/label6_refractive_index/fold_4/wd_0.0001_lr_0.0001_do_0.1_wogroup_False/metrics.json,/share/home/202320162823/cmacro_BCDB/results_MD_final1640_v2/MD_FINAL1640_V2/Uni_Macro/label6_refractive_index/fold_4/wd_0.0001_lr_0.0001_do_0.1_wogroup_False/checkpoints/checkpoint.pt,/share/home/202320162823/cmacro_BCDB/paper_results/MD_FINAL1640_v2/oof_predictions/oof_Uni_Macro__refractive_index.csv,/share/home/202320162823/cmacro_BCDB/paper_results/MD_FINAL1640_v2/oof_embeddings/oof_emb_Uni_Macro__refractive_index.npz
MD_FINAL1640_V2,Stage2_Only,0,density,0,20,0.07760935124494987,0.9945166614967933,0.013199688861996432,0.9945166614967933,0.008476865349921616,/share/home/202320162823/cmacro_BCDB/results_MD_final1640_v2/MD_FINAL1640_V2/Stage2_Only/label0_density/fold_0/wd_0.0001_lr_0.0001_do_0.1_wogroup_False/metrics.json,/share/home/202320162823/cmacro_BCDB/results_MD_final1640_v2/MD_FINAL1640_V2/Stage2_Only/label0_density/fold_0/wd_0.0001_lr_0.0001_do_0.1_wogroup_False/checkpoints/checkpoint.pt,/share/home/202320162823/cmacro_BCDB/paper_results/MD_FINAL1640_v2/oof_predictions/oof_Stage2_Only__density.csv,/share/home/202320162823/cmacro_BCDB/paper_results/MD_FINAL1640_v2/oof_embeddings/oof_emb_Stage2_Only__density.npz
MD_FINAL1640_V2,Stage2_Only,0,density,1,20,0.08852353199851508,0.9912979489036905,0.01535364930698631,0.9912979489036905,0.00895431952211171,/share/home/202320162823/cmacro_BCDB/results_MD_final1640_v2/MD_FINAL1640_V2/Stage2_Only/label0_density/fold_1/wd_0.0001_lr_0.0001_do_0.1_wogroup_False/metrics.json,/share/home/202320162823/cmacro_BCDB/results_MD_final1640_v2/MD_FINAL1640_V2/Stage2_Only/label0_density/fold_1/wd_0.0001_lr_0.0001_do_0.1_wogroup_False/checkpoints/checkpoint.pt,/share/home/202320162823/cmacro_BCDB/paper_results/MD_FINAL1640_v2/oof_predictions/oof_Stage2_Only__density.csv,/share/home/202320162823/cmacro_BCDB/paper_results/MD_FINAL1640_v2/oof_embeddings/oof_emb_Stage2_Only__density.npz
MD_FINAL1640_V2,Stage2_Only,0,density,2,77,0.10675462639324293,0.9890313113043656,0.018259911427205514,0.9890313113043656,0.010025421337341137,/share/home/202320162823/cmacro_BCDB/results_MD_final1640_v2/MD_FINAL1640_V2/Stage2_Only/label0_density/fold_2/wd_0.0001_lr_0.0001_do_0.1_wogroup_False/metrics.json,/share/home/202320162823/cmacro_BCDB/results_MD_final1640_v2/MD_FINAL1640_V2/Stage2_Only/label0_density/fold_2/wd_0.0001_lr_0.0001_do_0.1_wogroup_False/checkpoints/checkpoint.pt,/share/home/202320162823/cmacro_BCDB/paper_results/MD_FINAL1640_v2/oof_predictions/oof_Stage2_Only__density.csv,/share/home/202320162823/cmacro_BCDB/paper_results/MD_FINAL1640_v2/oof_embeddings/oof_emb_Stage2_Only__density.npz
MD_FINAL1640_V2,Stage2_Only,0,density,3,56,0.08693476541309392,0.992233884604826,0.014970450614048647,0.992233884604826,0.00922508410356404,/share/home/202320162823/cmacro_BCDB/results_MD_final1640_v2/MD_FINAL1640_V2/Stage2_Only/label0_density/fold_3/wd_0.0001_lr_0.0001_do_0.1_wogroup_False/metrics.json,/share/home/202320162823/cmacro_BCDB/results_MD_final1640_v2/MD_FINAL1640_V2/Stage2_Only/label0_density/fold_3/wd_0.0001_lr_0.0001_do_0.1_wogroup_False/checkpoints/checkpoint.pt,/share/home/202320162823/cmacro_BCDB/paper_results/MD_FINAL1640_v2/oof_predictions/oof_Stage2_Only__density.csv,/share/home/202320162823/cmacro_BCDB/paper_results/MD_FINAL1640_v2/oof_embeddings/oof_emb_Stage2_Only__density.npz
MD_FINAL1640_V2,Stage2_Only,0,density,4,22,0.09620072828195321,0.9906482907510358,0.016539325601177508,0.9906482907510358,0.010080248187056228,/share/home/202320162823/cmacro_BCDB/results_MD_final1640_v2/MD_FINAL1640_V2/Stage2_Only/label0_density/fold_4/wd_0.0001_lr_0.0001_do_0.1_wogroup_False/metrics.json,/share/home/202320162823/cmacro_BCDB/results_MD_final1640_v2/MD_FINAL1640_V2/Stage2_Only/label0_density/fold_4/wd_0.0001_lr_0.0001_do_0.1_wogroup_False/checkpoints/checkpoint.pt,/share/home/202320162823/cmacro_BCDB/paper_results/MD_FINAL1640_v2/oof_predictions/oof_Stage2_Only__density.csv,/share/home/202320162823/cmacro_BCDB/paper_results/MD_FINAL1640_v2/oof_embeddings/oof_emb_Stage2_Only__density.npz
MD_FINAL1640_V2,Stage2_Only,1,Rg,0,16,0.25308606858718374,0.9388331884378172,1.3930944408430335,0.9388331884378172,0.9902083676893964,/share/home/202320162823/cmacro_BCDB/results_MD_final1640_v2/MD_FINAL1640_V2/Stage2_Only/label1_Rg/fold_0/wd_0.0001_lr_0.0001_do_0.1_wogroup_False/metrics.json,/share/home/202320162823/cmacro_BCDB/results_MD_final1640_v2/MD_FINAL1640_V2/Stage2_Only/label1_Rg/fold_0/wd_0.0001_lr_0.0001_do_0.1_wogroup_False/checkpoints/checkpoint.pt,/share/home/202320162823/cmacro_BCDB/paper_results/MD_FINAL1640_v2/oof_predictions/oof_Stage2_Only__Rg.csv,/share/home/202320162823/cmacro_BCDB/paper_results/MD_FINAL1640_v2/oof_embeddings/oof_emb_Stage2_Only__Rg.npz
MD_FINAL1640_V2,Stage2_Only,1,Rg,1,12,0.26294980847448285,0.927624899730186,1.460896734149093,0.927624899730186,1.1204978899644007,/share/home/202320162823/cmacro_BCDB/results_MD_final1640_v2/MD_FINAL1640_V2/Stage2_Only/label1_Rg/fold_1/wd_0.0001_lr_0.0001_do_0.1_wogroup_False/metrics.json,/share/home/202320162823/cmacro_BCDB/results_MD_final1640_v2/MD_FINAL1640_V2/Stage2_Only/label1_Rg/fold_1/wd_0.0001_lr_0.0001_do_0.1_wogroup_False/checkpoints/checkpoint.pt,/share/home/202320162823/cmacro_BCDB/paper_results/MD_FINAL1640_v2/oof_predictions/oof_Stage2_Only__Rg.csv,/share/home/202320162823/cmacro_BCDB/paper_results/MD_FINAL1640_v2/oof_embeddings/oof_emb_Stage2_Only__Rg.npz
MD_FINAL1640_V2,Stage2_Only,1,Rg,2,21,0.29846496607382506,0.9088293044440706,1.6546652911692465,0.9088293044440706,1.0677579561040498,/share/home/202320162823/cmacro_BCDB/results_MD_final1640_v2/MD_FINAL1640_V2/Stage2_Only/label1_Rg/fold_2/wd_0.0001_lr_0.0001_do_0.1_wogroup_False/metrics.json,/share/home/202320162823/cmacro_BCDB/results_MD_final1640_v2/MD_FINAL1640_V2/Stage2_Only/label1_Rg/fold_2/wd_0.0001_lr_0.0001_do_0.1_wogroup_False/checkpoints/checkpoint.pt,/share/home/202320162823/cmacro_BCDB/paper_results/MD_FINAL1640_v2/oof_predictions/oof_Stage2_Only__Rg.csv,/share/home/202320162823/cmacro_BCDB/paper_results/MD_FINAL1640_v2/oof_embeddings/oof_emb_Stage2_Only__Rg.npz
MD_FINAL1640_V2,Stage2_Only,1,Rg,3,49,0.25815701329738344,0.9308611151480828,1.4327766146468235,0.9308611151480828,0.9730314486274249,/share/home/202320162823/cmacro_BCDB/results_MD_final1640_v2/MD_FINAL1640_V2/Stage2_Only/label1_Rg/fold_3/wd_0.0001_lr_0.0001_do_0.1_wogroup_False/metrics.json,/share/home/202320162823/cmacro_BCDB/results_MD_final1640_v2/MD_FINAL1640_V2/Stage2_Only/label1_Rg/fold_3/wd_0.0001_lr_0.0001_do_0.1_wogroup_False/checkpoints/checkpoint.pt,/share/home/202320162823/cmacro_BCDB/paper_results/MD_FINAL1640_v2/oof_predictions/oof_Stage2_Only__Rg.csv,/share/home/202320162823/cmacro_BCDB/paper_results/MD_FINAL1640_v2/oof_embeddings/oof_emb_Stage2_Only__Rg.npz
MD_FINAL1640_V2,Stage2_Only,1,Rg,4,9,0.26709946238766524,0.9323642845392011,1.4692456615789198,0.9323642845392011,1.1135340306412442,/share/home/202320162823/cmacro_BCDB/results_MD_final1640_v2/MD_FINAL1640_V2/Stage2_Only/label1_Rg/fold_4/wd_0.0001_lr_0.0001_do_0.1_wogroup_False/metrics.json,/share/home/202320162823/cmacro_BCDB/results_MD_final1640_v2/MD_FINAL1640_V2/Stage2_Only/label1_Rg/fold_4/wd_0.0001_lr_0.0001_do_0.1_wogroup_False/checkpoints/checkpoint.pt,/share/home/202320162823/cmacro_BCDB/paper_results/MD_FINAL1640_v2/oof_predictions/oof_Stage2_Only__Rg.csv,/share/home/202320162823/cmacro_BCDB/paper_results/MD_FINAL1640_v2/oof_embeddings/oof_emb_Stage2_Only__Rg.npz
MD_FINAL1640_V2,Stage2_Only,2,D,0,80,0.26536232584354713,0.9286370429700987,7.292545318483396e-09,0.0,1.4657914461483048e-09,/share/home/202320162823/cmacro_BCDB/results_MD_final1640_v2/MD_FINAL1640_V2/Stage2_Only/label2_D/fold_0/wd_0.0001_lr_0.0001_do_0.1_wogroup_False/metrics.json,/share/home/202320162823/cmacro_BCDB/results_MD_final1640_v2/MD_FINAL1640_V2/Stage2_Only/label2_D/fold_0/wd_0.0001_lr_0.0001_do_0.1_wogroup_False/checkpoints/checkpoint.pt,/share/home/202320162823/cmacro_BCDB/paper_results/MD_FINAL1640_v2/oof_predictions/oof_Stage2_Only__D.csv,/share/home/202320162823/cmacro_BCDB/paper_results/MD_FINAL1640_v2/oof_embeddings/oof_emb_Stage2_Only__D.npz
MD_FINAL1640_V2,Stage2_Only,2,D,1,3,0.2566676947955643,0.932525641416074,2.1994790920909558e-08,0.0,2.7794386813178385e-09,/share/home/202320162823/cmacro_BCDB/results_MD_final1640_v2/MD_FINAL1640_V2/Stage2_Only/label2_D/fold_1/wd_0.0001_lr_0.0001_do_0.1_wogroup_False/metrics.json,/share/home/202320162823/cmacro_BCDB/results_MD_final1640_v2/MD_FINAL1640_V2/Stage2_Only/label2_D/fold_1/wd_0.0001_lr_0.0001_do_0.1_wogroup_False/checkpoints/checkpoint.pt,/share/home/202320162823/cmacro_BCDB/paper_results/MD_FINAL1640_v2/oof_predictions/oof_Stage2_Only__D.csv,/share/home/202320162823/cmacro_BCDB/paper_results/MD_FINAL1640_v2/oof_embeddings/oof_emb_Stage2_Only__D.npz
MD_FINAL1640_V2,Stage2_Only,2,D,2,2,0.21256700088941927,0.9533550386448971,8.898852059455127e-09,0.0,1.1774577439164424e-09,/share/home/202320162823/cmacro_BCDB/results_MD_final1640_v2/MD_FINAL1640_V2/Stage2_Only/label2_D/fold_2/wd_0.0001_lr_0.0001_do_0.1_wogroup_False/metrics.json,/share/home/202320162823/cmacro_BCDB/results_MD_final1640_v2/MD_FINAL1640_V2/Stage2_Only/label2_D/fold_2/wd_0.0001_lr_0.0001_do_0.1_wogroup_False/checkpoints/checkpoint.pt,/share/home/202320162823/cmacro_BCDB/paper_results/MD_FINAL1640_v2/oof_predictions/oof_Stage2_Only__D.csv,/share/home/202320162823/cmacro_BCDB/paper_results/MD_FINAL1640_v2/oof_embeddings/oof_emb_Stage2_Only__D.npz
MD_FINAL1640_V2,Stage2_Only,2,D,3,16,0.2726379394883643,0.927386357383261,1.0035565187752542e-08,0.0,1.8030107644690205e-09,/share/home/202320162823/cmacro_BCDB/results_MD_final1640_v2/MD_FINAL1640_V2/Stage2_Only/label2_D/fold_3/wd_0.0001_lr_0.0001_do_0.1_wogroup_False/metrics.json,/share/home/202320162823/cmacro_BCDB/results_MD_final1640_v2/MD_FINAL1640_V2/Stage2_Only/label2_D/fold_3/wd_0.0001_lr_0.0001_do_0.1_wogroup_False/checkpoints/checkpoint.pt,/share/home/202320162823/cmacro_BCDB/paper_results/MD_FINAL1640_v2/oof_predictions/oof_Stage2_Only__D.csv,/share/home/202320162823/cmacro_BCDB/paper_results/MD_FINAL1640_v2/oof_embeddings/oof_emb_Stage2_Only__D.npz
MD_FINAL1640_V2,Stage2_Only,2,D,4,14,0.24681257565121376,0.9416683817335187,1.6176947053656033e-08,0.0,2.631566726117681e-09,/share/home/202320162823/cmacro_BCDB/results_MD_final1640_v2/MD_FINAL1640_V2/Stage2_Only/label2_D/fold_4/wd_0.0001_lr_0.0001_do_0.1_wogroup_False/metrics.json,/share/home/202320162823/cmacro_BCDB/results_MD_final1640_v2/MD_FINAL1640_V2/Stage2_Only/label2_D/fold_4/wd_0.0001_lr_0.0001_do_0.1_wogroup_False/checkpoints/checkpoint.pt,/share/home/202320162823/cmacro_BCDB/paper_results/MD_FINAL1640_v2/oof_predictions/oof_Stage2_Only__D.csv,/share/home/202320162823/cmacro_BCDB/paper_results/MD_FINAL1640_v2/oof_embeddings/oof_emb_Stage2_Only__D.npz
MD_FINAL1640_V2,Stage2_Only,3,S_q_peak,0,12,0.808738926763748,0.20032516572850867,0.5401979771040041,0.20032516572850845,0.4123588849807112,/share/home/202320162823/cmacro_BCDB/results_MD_final1640_v2/MD_FINAL1640_V2/Stage2_Only/label3_S_q_peak/fold_0/wd_0.0001_lr_0.0001_do_0.1_wogroup_False/metrics.json,/share/home/202320162823/cmacro_BCDB/results_MD_final1640_v2/MD_FINAL1640_V2/Stage2_Only/label3_S_q_peak/fold_0/wd_0.0001_lr_0.0001_do_0.1_wogroup_False/checkpoints/checkpoint.pt,/share/home/202320162823/cmacro_BCDB/paper_results/MD_FINAL1640_v2/oof_predictions/oof_Stage2_Only__S_q_peak.csv,/share/home/202320162823/cmacro_BCDB/paper_results/MD_FINAL1640_v2/oof_embeddings/oof_emb_Stage2_Only__S_q_peak.npz
MD_FINAL1640_V2,Stage2_Only,3,S_q_peak,1,16,0.9729115973783833,0.29101020035569347,0.6189675648164996,0.2910102003556936,0.484808243989588,/share/home/202320162823/cmacro_BCDB/results_MD_final1640_v2/MD_FINAL1640_V2/Stage2_Only/label3_S_q_peak/fold_1/wd_0.0001_lr_0.0001_do_0.1_wogroup_False/metrics.json,/share/home/202320162823/cmacro_BCDB/results_MD_final1640_v2/MD_FINAL1640_V2/Stage2_Only/label3_S_q_peak/fold_1/wd_0.0001_lr_0.0001_do_0.1_wogroup_False/checkpoints/checkpoint.pt,/share/home/202320162823/cmacro_BCDB/paper_results/MD_FINAL1640_v2/oof_predictions/oof_Stage2_Only__S_q_peak.csv,/share/home/202320162823/cmacro_BCDB/paper_results/MD_FINAL1640_v2/oof_embeddings/oof_emb_Stage2_Only__S_q_peak.npz
MD_FINAL1640_V2,Stage2_Only,3,S_q_peak,2,6,0.8377109019046701,0.2750721281527768,0.5522624840677749,0.2750721281527767,0.42531960958281845,/share/home/202320162823/cmacro_BCDB/results_MD_final1640_v2/MD_FINAL1640_V2/Stage2_Only/label3_S_q_peak/fold_2/wd_0.0001_lr_0.0001_do_0.1_wogroup_False/metrics.json,/share/home/202320162823/cmacro_BCDB/results_MD_final1640_v2/MD_FINAL1640_V2/Stage2_Only/label3_S_q_peak/fold_2/wd_0.0001_lr_0.0001_do_0.1_wogroup_False/checkpoints/checkpoint.pt,/share/home/202320162823/cmacro_BCDB/paper_results/MD_FINAL1640_v2/oof_predictions/oof_Stage2_Only__S_q_peak.csv,/share/home/202320162823/cmacro_BCDB/paper_results/MD_FINAL1640_v2/oof_embeddings/oof_emb_Stage2_Only__S_q_peak.npz
MD_FINAL1640_V2,Stage2_Only,3,S_q_peak,3,16,0.7789061643924053,0.33636226048790985,0.5163113112936345,0.3363622604879096,0.3870900700269944,/share/home/202320162823/cmacro_BCDB/results_MD_final1640_v2/MD_FINAL1640_V2/Stage2_Only/label3_S_q_peak/fold_3/wd_0.0001_lr_0.0001_do_0.1_wogroup_False/metrics.json,/share/home/202320162823/cmacro_BCDB/results_MD_final1640_v2/MD_FINAL1640_V2/Stage2_Only/label3_S_q_peak/fold_3/wd_0.0001_lr_0.0001_do_0.1_wogroup_False/checkpoints/checkpoint.pt,/share/home/202320162823/cmacro_BCDB/paper_results/MD_FINAL1640_v2/oof_predictions/oof_Stage2_Only__S_q_peak.csv,/share/home/202320162823/cmacro_BCDB/paper_results/MD_FINAL1640_v2/oof_embeddings/oof_emb_Stage2_Only__S_q_peak.npz
MD_FINAL1640_V2,Stage2_Only,3,S_q_peak,4,9,0.8779039454363603,0.2017215326573687,0.5782113427661832,0.20172153265736847,0.45216679596388104,/share/home/202320162823/cmacro_BCDB/results_MD_final1640_v2/MD_FINAL1640_V2/Stage2_Only/label3_S_q_peak/fold_4/wd_0.0001_lr_0.0001_do_0.1_wogroup_False/metrics.json,/share/home/202320162823/cmacro_BCDB/results_MD_final1640_v2/MD_FINAL1640_V2/Stage2_Only/label3_S_q_peak/fold_4/wd_0.0001_lr_0.0001_do_0.1_wogroup_False/checkpoints/checkpoint.pt,/share/home/202320162823/cmacro_BCDB/paper_results/MD_FINAL1640_v2/oof_predictions/oof_Stage2_Only__S_q_peak.csv,/share/home/202320162823/cmacro_BCDB/paper_results/MD_FINAL1640_v2/oof_embeddings/oof_emb_Stage2_Only__S_q_peak.npz
MD_FINAL1640_V2,Stage2_Only,4,nematic_order,0,4,0.8319212594578629,0.263224944427238,0.10033958306599178,0.2632249444272382,0.07732438194310327,/share/home/202320162823/cmacro_BCDB/results_MD_final1640_v2/MD_FINAL1640_V2/Stage2_Only/label4_nematic_order/fold_0/wd_0.0001_lr_0.0001_do_0.1_wogroup_False/metrics.json,/share/home/202320162823/cmacro_BCDB/results_MD_final1640_v2/MD_FINAL1640_V2/Stage2_Only/label4_nematic_order/fold_0/wd_0.0001_lr_0.0001_do_0.1_wogroup_False/checkpoints/checkpoint.pt,/share/home/202320162823/cmacro_BCDB/paper_results/MD_FINAL1640_v2/oof_predictions/oof_Stage2_Only__nematic_order.csv,/share/home/202320162823/cmacro_BCDB/paper_results/MD_FINAL1640_v2/oof_embeddings/oof_emb_Stage2_Only__nematic_order.npz
MD_FINAL1640_V2,Stage2_Only,4,nematic_order,1,2,0.8116080639440383,0.20986068677248604,0.09888536243396638,0.20986068677248615,0.07858764849106295,/share/home/202320162823/cmacro_BCDB/results_MD_final1640_v2/MD_FINAL1640_V2/Stage2_Only/label4_nematic_order/fold_1/wd_0.0001_lr_0.0001_do_0.1_wogroup_False/metrics.json,/share/home/202320162823/cmacro_BCDB/results_MD_final1640_v2/MD_FINAL1640_V2/Stage2_Only/label4_nematic_order/fold_1/wd_0.0001_lr_0.0001_do_0.1_wogroup_False/checkpoints/checkpoint.pt,/share/home/202320162823/cmacro_BCDB/paper_results/MD_FINAL1640_v2/oof_predictions/oof_Stage2_Only__nematic_order.csv,/share/home/202320162823/cmacro_BCDB/paper_results/MD_FINAL1640_v2/oof_embeddings/oof_emb_Stage2_Only__nematic_order.npz
MD_FINAL1640_V2,Stage2_Only,4,nematic_order,2,8,0.9130552467820623,0.24882133427798947,0.10823710077958895,0.24882133427798936,0.08090236293271198,/share/home/202320162823/cmacro_BCDB/results_MD_final1640_v2/MD_FINAL1640_V2/Stage2_Only/label4_nematic_order/fold_2/wd_0.0001_lr_0.0001_do_0.1_wogroup_False/metrics.json,/share/home/202320162823/cmacro_BCDB/results_MD_final1640_v2/MD_FINAL1640_V2/Stage2_Only/label4_nematic_order/fold_2/wd_0.0001_lr_0.0001_do_0.1_wogroup_False/checkpoints/checkpoint.pt,/share/home/202320162823/cmacro_BCDB/paper_results/MD_FINAL1640_v2/oof_predictions/oof_Stage2_Only__nematic_order.csv,/share/home/202320162823/cmacro_BCDB/paper_results/MD_FINAL1640_v2/oof_embeddings/oof_emb_Stage2_Only__nematic_order.npz
MD_FINAL1640_V2,Stage2_Only,4,nematic_order,3,4,0.8874429625070642,0.22880507991585697,0.1061633594992047,0.22880507991585697,0.08007742873791594,/share/home/202320162823/cmacro_BCDB/results_MD_final1640_v2/MD_FINAL1640_V2/Stage2_Only/label4_nematic_order/fold_3/wd_0.0001_lr_0.0001_do_0.1_wogroup_False/metrics.json,/share/home/202320162823/cmacro_BCDB/results_MD_final1640_v2/MD_FINAL1640_V2/Stage2_Only/label4_nematic_order/fold_3/wd_0.0001_lr_0.0001_do_0.1_wogroup_False/checkpoints/checkpoint.pt,/share/home/202320162823/cmacro_BCDB/paper_results/MD_FINAL1640_v2/oof_predictions/oof_Stage2_Only__nematic_order.csv,/share/home/202320162823/cmacro_BCDB/paper_results/MD_FINAL1640_v2/oof_embeddings/oof_emb_Stage2_Only__nematic_order.npz
MD_FINAL1640_V2,Stage2_Only,4,nematic_order,4,8,0.9394509669370713,0.19460802542403688,0.11152973985986102,0.19460802542403666,0.08277772521046758,/share/home/202320162823/cmacro_BCDB/results_MD_final1640_v2/MD_FINAL1640_V2/Stage2_Only/label4_nematic_order/fold_4/wd_0.0001_lr_0.0001_do_0.1_wogroup_False/metrics.json,/share/home/202320162823/cmacro_BCDB/results_MD_final1640_v2/MD_FINAL1640_V2/Stage2_Only/label4_nematic_order/fold_4/wd_0.0001_lr_0.0001_do_0.1_wogroup_False/checkpoints/checkpoint.pt,/share/home/202320162823/cmacro_BCDB/paper_results/MD_FINAL1640_v2/oof_predictions/oof_Stage2_Only__nematic_order.csv,/share/home/202320162823/cmacro_BCDB/paper_results/MD_FINAL1640_v2/oof_embeddings/oof_emb_Stage2_Only__nematic_order.npz
MD_FINAL1640_V2,Stage2_Only,5,dielectric_constant,0,50,0.2649089366741702,0.8879832299937347,0.11278238266550207,0.8879832299937347,0.07301819886952521,/share/home/202320162823/cmacro_BCDB/results_MD_final1640_v2/MD_FINAL1640_V2/Stage2_Only/label5_dielectric_constant/fold_0/wd_0.0001_lr_0.0001_do_0.1_wogroup_False/metrics.json,/share/home/202320162823/cmacro_BCDB/results_MD_final1640_v2/MD_FINAL1640_V2/Stage2_Only/label5_dielectric_constant/fold_0/wd_0.0001_lr_0.0001_do_0.1_wogroup_False/checkpoints/checkpoint.pt,/share/home/202320162823/cmacro_BCDB/paper_results/MD_FINAL1640_v2/oof_predictions/oof_Stage2_Only__dielectric_constant.csv,/share/home/202320162823/cmacro_BCDB/paper_results/MD_FINAL1640_v2/oof_embeddings/oof_emb_Stage2_Only__dielectric_constant.npz
MD_FINAL1640_V2,Stage2_Only,5,dielectric_constant,1,12,0.2806957881617955,0.8683449970230924,0.11989117448915747,0.8683449970230925,0.07661605376391034,/share/home/202320162823/cmacro_BCDB/results_MD_final1640_v2/MD_FINAL1640_V2/Stage2_Only/label5_dielectric_constant/fold_1/wd_0.0001_lr_0.0001_do_0.1_wogroup_False/metrics.json,/share/home/202320162823/cmacro_BCDB/results_MD_final1640_v2/MD_FINAL1640_V2/Stage2_Only/label5_dielectric_constant/fold_1/wd_0.0001_lr_0.0001_do_0.1_wogroup_False/checkpoints/checkpoint.pt,/share/home/202320162823/cmacro_BCDB/paper_results/MD_FINAL1640_v2/oof_predictions/oof_Stage2_Only__dielectric_constant.csv,/share/home/202320162823/cmacro_BCDB/paper_results/MD_FINAL1640_v2/oof_embeddings/oof_emb_Stage2_Only__dielectric_constant.npz
MD_FINAL1640_V2,Stage2_Only,5,dielectric_constant,2,12,0.41520382393245076,0.8052215589978795,0.17205391309854548,0.8052215589978796,0.08333837572134835,/share/home/202320162823/cmacro_BCDB/results_MD_final1640_v2/MD_FINAL1640_V2/Stage2_Only/label5_dielectric_constant/fold_2/wd_0.0001_lr_0.0001_do_0.1_wogroup_False/metrics.json,/share/home/202320162823/cmacro_BCDB/results_MD_final1640_v2/MD_FINAL1640_V2/Stage2_Only/label5_dielectric_constant/fold_2/wd_0.0001_lr_0.0001_do_0.1_wogroup_False/checkpoints/checkpoint.pt,/share/home/202320162823/cmacro_BCDB/paper_results/MD_FINAL1640_v2/oof_predictions/oof_Stage2_Only__dielectric_constant.csv,/share/home/202320162823/cmacro_BCDB/paper_results/MD_FINAL1640_v2/oof_embeddings/oof_emb_Stage2_Only__dielectric_constant.npz
MD_FINAL1640_V2,Stage2_Only,5,dielectric_constant,3,45,0.3721620593963319,0.8908493291467096,0.14848674931842593,0.8908493291467094,0.07429264821813272,/share/home/202320162823/cmacro_BCDB/results_MD_final1640_v2/MD_FINAL1640_V2/Stage2_Only/label5_dielectric_constant/fold_3/wd_0.0001_lr_0.0001_do_0.1_wogroup_False/metrics.json,/share/home/202320162823/cmacro_BCDB/results_MD_final1640_v2/MD_FINAL1640_V2/Stage2_Only/label5_dielectric_constant/fold_3/wd_0.0001_lr_0.0001_do_0.1_wogroup_False/checkpoints/checkpoint.pt,/share/home/202320162823/cmacro_BCDB/paper_results/MD_FINAL1640_v2/oof_predictions/oof_Stage2_Only__dielectric_constant.csv,/share/home/202320162823/cmacro_BCDB/paper_results/MD_FINAL1640_v2/oof_embeddings/oof_emb_Stage2_Only__dielectric_constant.npz
MD_FINAL1640_V2,Stage2_Only,5,dielectric_constant,4,4,0.4405988301023,0.8925642715694823,0.1673246351574732,0.8925642715694823,0.09147488931627809,/share/home/202320162823/cmacro_BCDB/results_MD_final1640_v2/MD_FINAL1640_V2/Stage2_Only/label5_dielectric_constant/fold_4/wd_0.0001_lr_0.0001_do_0.1_wogroup_False/metrics.json,/share/home/202320162823/cmacro_BCDB/results_MD_final1640_v2/MD_FINAL1640_V2/Stage2_Only/label5_dielectric_constant/fold_4/wd_0.0001_lr_0.0001_do_0.1_wogroup_False/checkpoints/checkpoint.pt,/share/home/202320162823/cmacro_BCDB/paper_results/MD_FINAL1640_v2/oof_predictions/oof_Stage2_Only__dielectric_constant.csv,/share/home/202320162823/cmacro_BCDB/paper_results/MD_FINAL1640_v2/oof_embeddings/oof_emb_Stage2_Only__dielectric_constant.npz
MD_FINAL1640_V2,Stage2_Only,6,refractive_index,0,18,0.06554776428873625,0.9956631391823493,0.006775526168835289,0.9956631391823493,0.0043472686719714495,/share/home/202320162823/cmacro_BCDB/results_MD_final1640_v2/MD_FINAL1640_V2/Stage2_Only/label6_refractive_index/fold_0/wd_0.0001_lr_0.0001_do_0.1_wogroup_False/metrics.json,/share/home/202320162823/cmacro_BCDB/results_MD_final1640_v2/MD_FINAL1640_V2/Stage2_Only/label6_refractive_index/fold_0/wd_0.0001_lr_0.0001_do_0.1_wogroup_False/checkpoints/checkpoint.pt,/share/home/202320162823/cmacro_BCDB/paper_results/MD_FINAL1640_v2/oof_predictions/oof_Stage2_Only__refractive_index.csv,/share/home/202320162823/cmacro_BCDB/paper_results/MD_FINAL1640_v2/oof_embeddings/oof_emb_Stage2_Only__refractive_index.npz
MD_FINAL1640_V2,Stage2_Only,6,refractive_index,1,94,0.05499633602965301,0.9962940226710334,0.00578751188180395,0.9962940226710334,0.003559140031186755,/share/home/202320162823/cmacro_BCDB/results_MD_final1640_v2/MD_FINAL1640_V2/Stage2_Only/label6_refractive_index/fold_1/wd_0.0001_lr_0.0001_do_0.1_wogroup_False/metrics.json,/share/home/202320162823/cmacro_BCDB/results_MD_final1640_v2/MD_FINAL1640_V2/Stage2_Only/label6_refractive_index/fold_1/wd_0.0001_lr_0.0001_do_0.1_wogroup_False/checkpoints/checkpoint.pt,/share/home/202320162823/cmacro_BCDB/paper_results/MD_FINAL1640_v2/oof_predictions/oof_Stage2_Only__refractive_index.csv,/share/home/202320162823/cmacro_BCDB/paper_results/MD_FINAL1640_v2/oof_embeddings/oof_emb_Stage2_Only__refractive_index.npz
MD_FINAL1640_V2,Stage2_Only,6,refractive_index,2,87,0.07731216085636526,0.9942133951979287,0.00795832447583677,0.9942133951979287,0.004545240063716804,/share/home/202320162823/cmacro_BCDB/results_MD_final1640_v2/MD_FINAL1640_V2/Stage2_Only/label6_refractive_index/fold_2/wd_0.0001_lr_0.0001_do_0.1_wogroup_False/metrics.json,/share/home/202320162823/cmacro_BCDB/results_MD_final1640_v2/MD_FINAL1640_V2/Stage2_Only/label6_refractive_index/fold_2/wd_0.0001_lr_0.0001_do_0.1_wogroup_False/checkpoints/checkpoint.pt,/share/home/202320162823/cmacro_BCDB/paper_results/MD_FINAL1640_v2/oof_predictions/oof_Stage2_Only__refractive_index.csv,/share/home/202320162823/cmacro_BCDB/paper_results/MD_FINAL1640_v2/oof_embeddings/oof_emb_Stage2_Only__refractive_index.npz
MD_FINAL1640_V2,Stage2_Only,6,refractive_index,3,24,0.06573158245982409,0.9958121229369881,0.006767539204478363,0.9958121229369881,0.004207702143092653,/share/home/202320162823/cmacro_BCDB/results_MD_final1640_v2/MD_FINAL1640_V2/Stage2_Only/label6_refractive_index/fold_3/wd_0.0001_lr_0.0001_do_0.1_wogroup_False/metrics.json,/share/home/202320162823/cmacro_BCDB/results_MD_final1640_v2/MD_FINAL1640_V2/Stage2_Only/label6_refractive_index/fold_3/wd_0.0001_lr_0.0001_do_0.1_wogroup_False/checkpoints/checkpoint.pt,/share/home/202320162823/cmacro_BCDB/paper_results/MD_FINAL1640_v2/oof_predictions/oof_Stage2_Only__refractive_index.csv,/share/home/202320162823/cmacro_BCDB/paper_results/MD_FINAL1640_v2/oof_embeddings/oof_emb_Stage2_Only__refractive_index.npz
MD_FINAL1640_V2,Stage2_Only,6,refractive_index,4,28,0.09356359844318891,0.9922827603957699,0.009532095339584616,0.9922827603957699,0.005141661981579101,/share/home/202320162823/cmacro_BCDB/results_MD_final1640_v2/MD_FINAL1640_V2/Stage2_Only/label6_refractive_index/fold_4/wd_0.0001_lr_0.0001_do_0.1_wogroup_False/metrics.json,/share/home/202320162823/cmacro_BCDB/results_MD_final1640_v2/MD_FINAL1640_V2/Stage2_Only/label6_refractive_index/fold_4/wd_0.0001_lr_0.0001_do_0.1_wogroup_False/checkpoints/checkpoint.pt,/share/home/202320162823/cmacro_BCDB/paper_results/MD_FINAL1640_v2/oof_predictions/oof_Stage2_Only__refractive_index.csv,/share/home/202320162823/cmacro_BCDB/paper_results/MD_FINAL1640_v2/oof_embeddings/oof_emb_Stage2_Only__refractive_index.npz
