label,model,stack_rmse_full4,stack_rmse_without_model,leave_one_out_gain,leave_one_out_hurts_without_model
density,Uni_Macro,0.20664882472946147,0.2063009538846885,-0.0003478708447729739,False
density,Stage2_Only,0.20664882472946147,0.20669682145399146,4.799672452998616e-05,True
density,FRPN_FP,0.20664882472946147,0.20746998113908657,0.0008211564096251012,True
density,FRPN,0.20664882472946147,0.21308183418768528,0.0064330094582238095,True
Rg,Uni_Macro,0.4772624302815135,0.47601950650868996,-0.0012429237728235343,False
Rg,Stage2_Only,0.4772624302815135,0.4766943795162515,-0.000568050765262007,False
Rg,FRPN_FP,0.4772624302815135,0.48693854979010665,0.00967611950859315,True
Rg,FRPN,0.4772624302815135,0.5003692185972076,0.023106788315694127,True
D,Uni_Macro,0.8564293188309182,0.8562872313573536,-0.0001420874735645894,False
D,Stage2_Only,0.8564293188309182,0.8576131143975884,0.0011837955666701427,True
D,FRPN_FP,0.8564293188309182,0.8565540251159255,0.00012470628500727,True
D,FRPN,0.8564293188309182,0.8647216645422224,0.008292345711304216,True
S_q_peak,Uni_Macro,0.8626548473962492,0.8634120966261427,0.0007572492298935085,True
S_q_peak,Stage2_Only,0.8626548473962492,0.8630604977721477,0.00040565037589845865,True
S_q_peak,FRPN_FP,0.8626548473962492,0.8618621374744091,-0.0007927099218401068,False
S_q_peak,FRPN,0.8626548473962492,0.8828293178372189,0.02017447044096965,True
nematic_order,Uni_Macro,0.959342509077961,0.9589516844678824,-0.0003908246100786661,False
nematic_order,Stage2_Only,0.959342509077961,0.9591778669023988,-0.00016464217556222405,False
nematic_order,FRPN_FP,0.959342509077961,0.9619506138567787,0.002608104778817677,True
nematic_order,FRPN,0.959342509077961,0.9716536094244994,0.012311100346538373,True
dielectric_constant,Uni_Macro,0.5350824191713304,0.5326444916270759,-0.0024379275442544257,False
dielectric_constant,Stage2_Only,0.5350824191713304,0.5385015057709955,0.0034190865996651665,True
dielectric_constant,FRPN_FP,0.5350824191713304,0.5317651114830312,-0.003317307688299187,False
dielectric_constant,FRPN,0.5350824191713304,0.5462078546800481,0.011125435508717696,True
refractive_index,Uni_Macro,0.09773976550449714,0.0977143149497005,-2.5450554796649372e-05,False
refractive_index,Stage2_Only,0.09773976550449714,0.09755784920531942,-0.00018191629917772845,False
refractive_index,FRPN_FP,0.09773976550449714,0.09970065341033565,0.00196088790583851,True
refractive_index,FRPN,0.09773976550449714,0.10217568104553129,0.004435915541034147,True
