control,label,model,n_pairs,corr_delta,mae_delta,sign_acc,mean_abs_true_delta,mean_abs_pred_delta
chemistry_matched_structure_variation,density,Uni_Macro,1417,-0.2832973786296408,0.19507122695571025,0.21739130434782608,0.13446953534067596,0.11224132572104206
chemistry_matched_structure_variation,density,Stage2_Only,1417,-0.09421206410738127,0.15842060232658306,0.4782608695652174,0.13446953534067596,0.07137328454457446
chemistry_matched_structure_variation,density,FRPN_FP,1417,-0.2863427989732056,0.16151827466306767,0.2608695652173913,0.13446953534067596,0.07755902210051659
chemistry_matched_structure_variation,density,FRPN,1417,-0.17079174204507064,0.1598729552841229,0.391304347826087,0.13446953534067596,0.06887483169155506
chemistry_matched_structure_variation,Rg,Uni_Macro,1417,0.42538671102126596,0.5611726427791135,0.726962457337884,0.6205457958983825,0.32421385593957525
chemistry_matched_structure_variation,Rg,Stage2_Only,1417,0.38354386936645835,0.5756901643338221,0.7030716723549488,0.6205457958983825,0.29963834179434334
chemistry_matched_structure_variation,Rg,FRPN_FP,1417,0.40966260996619724,0.567703116692253,0.7303754266211604,0.6205457958983825,0.2899731224861738
chemistry_matched_structure_variation,Rg,FRPN,1417,0.4642465217595428,0.5497628939440956,0.7849829351535836,0.6205457958983825,0.35783291344836393
chemistry_matched_structure_variation,D,Uni_Macro,1417,-0.06952201563220714,0.8073031056852927,0.42134831460674155,0.7283021032156864,0.24828148198972777
chemistry_matched_structure_variation,D,Stage2_Only,1417,-0.10341985542451594,0.8197220289283726,0.4297752808988764,0.7283021032156864,0.2739252019181635
chemistry_matched_structure_variation,D,FRPN_FP,1417,-0.14444398905102482,0.7928402929485577,0.3904494382022472,0.7283021032156864,0.19095961921562407
chemistry_matched_structure_variation,D,FRPN,1417,-0.07905572338316036,0.7615620435543278,0.42134831460674155,0.7283021032156864,0.15196461826246854
chemistry_matched_structure_variation,S_q_peak,Uni_Macro,1417,-0.02878542021129301,1.0541422700219865,0.48184818481848185,1.0447860024710538,0.13924038233722988
chemistry_matched_structure_variation,S_q_peak,Stage2_Only,1417,-0.23000730464917962,1.1254417542599202,0.39603960396039606,1.0447860024710538,0.20952746437590286
chemistry_matched_structure_variation,S_q_peak,FRPN_FP,1417,-0.170807690064221,1.0949635778662778,0.41914191419141916,1.0447860024710538,0.1666020019099522
chemistry_matched_structure_variation,S_q_peak,FRPN,1417,-0.027315341553768455,1.0537019229809927,0.4570957095709571,1.0447860024710538,0.099273152547758
chemistry_matched_structure_variation,nematic_order,Uni_Macro,1417,-0.1361441454027252,1.1074008938870543,0.4362519201228879,1.0876792894418972,0.0876970364673432
chemistry_matched_structure_variation,nematic_order,Stage2_Only,1417,-0.17319508935666153,1.1209979470298912,0.38556067588325654,1.0876792894418972,0.1146985437740163
chemistry_matched_structure_variation,nematic_order,FRPN_FP,1417,-0.03752415807722988,1.0970362684955468,0.48540706605222733,1.0876792894418972,0.1107130993318331
chemistry_matched_structure_variation,nematic_order,FRPN,1417,0.07340322354793953,1.0850765860434672,0.49615975422427033,1.0876792894418972,0.023424816225888566
chemistry_matched_structure_variation,dielectric_constant,Uni_Macro,1417,0.13679811928087052,0.2678370383730469,0.42424242424242425,0.23844950084709282,0.11052750935594614
chemistry_matched_structure_variation,dielectric_constant,Stage2_Only,1417,0.05788710619917514,0.2763516079305602,0.45454545454545453,0.23844950084709282,0.11592712428770782
chemistry_matched_structure_variation,dielectric_constant,FRPN_FP,1417,0.053337933435179535,0.2704929075305879,0.696969696969697,0.23844950084709282,0.09981758598459398
chemistry_matched_structure_variation,dielectric_constant,FRPN,1417,0.11587457821420659,0.24672785984857207,0.7575757575757576,0.23844950084709282,0.08417672301446691
chemistry_matched_structure_variation,refractive_index,Uni_Macro,1417,-0.16809808095501327,0.07622205851445289,,0.05812435233089277,0.04264548945203527
chemistry_matched_structure_variation,refractive_index,Stage2_Only,1417,0.207393574167618,0.061529260149582966,,0.05812435233089277,0.03876109450548997
chemistry_matched_structure_variation,refractive_index,FRPN_FP,1417,0.2582735611252305,0.06110579576479951,,0.05812435233089277,0.03853227667060253
chemistry_matched_structure_variation,refractive_index,FRPN,1417,0.1931249884867807,0.06464648599344025,,0.05812435233089277,0.040166923889539095
